Pages les plus populaires,Clics,Impressions,CTR,Position
https://lamuchette.fr/,7159,90970,7.87%,9.45
https://lamuchette.fr/collections/harry-potter-decorations/noël,866,26236,3.3%,6.4
https://lamuchette.fr/products/pull-r-pour-ron,727,16902,4.3%,5.59
https://lamuchette.fr/collections/minalima,458,30498,1.5%,9.18
https://lamuchette.fr/collections/tous-les-produits,379,23772,1.59%,6.3
https://lamuchette.fr/collections/harry-potter-bijoux/colliers,375,14797,2.53%,6.8
https://lamuchette.fr/products/c-7000,359,21497,1.67%,4.49
https://lamuchette.fr/products/la-prophetie,271,7778,3.48%,7.21
https://lamuchette.fr/products/pull-ron-weasley-harry-potter-lochaven-ecosse,186,6401,2.91%,5.36
https://lamuchette.fr/collections/seigneur-des-anneaux-decorations,177,6493,2.73%,7.31
https://lamuchette.fr/collections/seigneur-des-anneaux-figurines,169,13171,1.28%,9.74
https://lamuchette.fr/collections/harry-potter,157,7339,2.14%,3.96
https://lamuchette.fr/collections/harry-potter-vetements-1/pulls,135,13312,1.01%,7.48
https://lamuchette.fr/products/echarpe-en-laine-gryffondor-lochaven,132,17052,0.77%,9.69
https://lamuchette.fr/collections/friandises,125,13642,0.92%,10.66
https://lamuchette.fr/collections/harry-potter-bijoux/boucles-d'oreilles,102,4488,2.27%,8.83
https://lamuchette.fr/collections/harry-potter-friandises-1,98,14124,0.69%,13.23
https://lamuchette.fr/collections/harry-potter-bijoux/bagues,91,4364,2.09%,6.22
https://lamuchette.fr/collections/bijoux,87,8084,1.08%,10.24
https://lamuchette.fr/products/carnet-tapisserie-famille-black,84,4663,1.8%,5.54
https://lamuchette.fr/collections/nouveautes,83,9356,0.89%,2.06
https://lamuchette.fr/products/carte-de-la-terre-du-milieu,81,12103,0.67%,10.19
https://lamuchette.fr/products/baguette-du-professeur-horace-slughorn,75,14347,0.52%,10.87
https://lamuchette.fr/products/agenda-harry-potter-2025-2026,75,4274,1.75%,8.61
https://lamuchette.fr/collections/les-sacs-fable-england,73,4594,1.59%,6.73
https://lamuchette.fr/pages/contact,71,16257,0.44%,5.32
https://lamuchette.fr/collections/artisanat-et-curiosites-papeterie/marque-pages,69,1924,3.59%,10
https://lamuchette.fr/collections/seigneur-des-anneaux-vetements/chaussettes,66,1222,5.4%,4.85
https://lamuchette.fr/products/bague-vif-dor-avec-cristaux-de-swarovski,63,3130,2.01%,10.83
https://lamuchette.fr/products/calendrier-de-lavent-deluxe-quidditch,63,2521,2.5%,4.73
https://lamuchette.fr/products/journal-advanced-potion-making-edition-ii,59,1816,3.25%,10.01
https://lamuchette.fr/collections/harry-potter-vetements-1,57,9324,0.61%,11.4
https://lamuchette.fr/products/attrape-soleil-lune-et-pierres,55,4696,1.17%,8.85
https://lamuchette.fr/collections/soldes/harry-potter,52,3732,1.39%,10.46
https://lamuchette.fr/products/potion-de-veritaserum-orpiment,43,2518,1.71%,7.4
https://lamuchette.fr/collections/harry-potter-papeterie-1/stickers,42,7967,0.53%,8.31
https://lamuchette.fr/collections/seigneur-des-anneaux,42,2233,1.88%,11.45
https://lamuchette.fr/products/pull-h-pour-harry,40,3229,1.24%,5.81
https://lamuchette.fr/products/stickers-pour-valise,39,6533,0.6%,17.68
https://lamuchette.fr/collections/seigneur-des-anneaux-pieces-de-collection,38,2626,1.45%,12.69
https://lamuchette.fr/collections/seigneur-des-anneaux-vetements,38,930,4.09%,6.54
https://lamuchette.fr/collections/soldes,35,13407,0.26%,6.41
https://lamuchette.fr/products/peluche-hedwige,35,11248,0.31%,18.67
https://lamuchette.fr/collections/friandises/harry-potter,35,3607,0.97%,22.34
https://lamuchette.fr/collections/harry-potter-decorations/objets-decos,35,3474,1.01%,15.2
https://lamuchette.fr/collections/harry-potter-papeterie-1/carnets,34,6103,0.56%,9.83
https://lamuchette.fr/collections/harry-potter-accessoires-et-maroquinerie/porte-monnaies,34,2545,1.34%,17.44
https://lamuchette.fr/collections/seigneur-des-anneaux-papeterie/marque-pages,34,1467,2.32%,6.26
https://lamuchette.fr/products/cape-de-hobbit-taille-s-m,34,895,3.8%,9.41
https://lamuchette.fr/products/nn7682,33,10996,0.3%,5.41
https://lamuchette.fr/collections/harry-potter-figurines-et-peluches/peluches,32,11157,0.29%,9.33
https://lamuchette.fr/collections/harry-potter-accessoires-et-maroquinerie,32,9110,0.35%,14.65
https://lamuchette.fr/collections/harry-potter-decorations/plaids-et-coussins,32,3042,1.05%,8.69
https://lamuchette.fr/collections/harry-potter-cuisine/vaisselle,30,1848,1.62%,9.83
https://lamuchette.fr/products/booknook-salle-commune-du-feu,30,422,7.11%,4.84
https://lamuchette.fr/collections/harry-potter-friandises-1/boissons,29,2920,0.99%,11.83
https://lamuchette.fr/products/baguette-du-professeur-albus-dumbledore-sureau,28,15626,0.18%,14.53
https://lamuchette.fr/products/jeu-de-cartes-quidditch,28,1891,1.48%,21.78
https://lamuchette.fr/products/carte-2-volets-livre-advanced-potion-making-edition-ii,28,1438,1.95%,14.26
https://lamuchette.fr/collections/harry-potter-vetements-1/cravates,27,9152,0.3%,10.22
https://lamuchette.fr/products/potion-damour,27,5530,0.49%,5.55
https://lamuchette.fr/collections/seigneur-des-anneaux-bijoux,27,1846,1.46%,11.13
https://lamuchette.fr/collections/seigneur-des-anneaux-jeux-et-puzzles,26,3449,0.75%,15.94
https://lamuchette.fr/products/echarpe-en-laine-serdaigle-lochaven,26,2623,0.99%,8.07
https://lamuchette.fr/products/art-print-yule-ball,26,598,4.35%,7.49
https://lamuchette.fr/collections/baguettes-magiques,24,12406,0.19%,21.78
https://lamuchette.fr/products/ewnx0054,24,2516,0.95%,8.5
https://lamuchette.fr/collections/seigneur-des-anneaux-bijoux/colliers,24,2377,1.01%,11.52
https://lamuchette.fr/collections/seigneur-des-anneaux-cuisine,24,506,4.74%,8.71
https://lamuchette.fr/products/mug-chaudron-infusion-de-sorcieres?variant=51401705718093&country=FR&currency=EUR&utm_medium=product_sync&utm_source=google&utm_content=sag_organic&utm_campaign=sag_organic,24,44,54.55%,5.02
https://lamuchette.fr/collections/harry-potter-decorations-noel-calendriers-de-lavent,23,3321,0.69%,9.67
https://lamuchette.fr/collections/noel/gryffondor,23,3255,0.71%,11.44
https://lamuchette.fr/products/chaussettes-magiques-kawaii,23,1287,1.79%,10.24
https://lamuchette.fr/collections/seigneur-des-anneaux-papeterie/cartes,22,593,3.71%,5.74
https://lamuchette.fr/products/parapluie-tapisserie-famille-black,22,504,4.37%,19.92
https://lamuchette.fr/products/gateau-danniversaire-de-harry-toyllectible-pufflums,21,4841,0.43%,4.66
https://lamuchette.fr/collections/harry-potter-bijoux,21,2032,1.03%,10.84
https://lamuchette.fr/collections/seigneur-des-anneaux-papeterie/serre-livres,21,1514,1.39%,9.33
https://lamuchette.fr/products/tirage-botanique-25x25-pierre-breton,21,611,3.44%,7.87
https://lamuchette.fr/products/attrape-soleil-vitrail-trou-de-hobbit,21,421,4.99%,6.46
https://lamuchette.fr/products/echarpe-en-laine-poufsouffle-lochaven,20,3173,0.63%,6.34
https://lamuchette.fr/products/pull-gryffondor,20,2867,0.7%,8.82
https://lamuchette.fr/products/porte-cles-phases-de-lune,20,1001,2%,6.19
https://lamuchette.fr/products/marque-page-vitrail-cour-de-la-nuit,20,352,5.68%,3.72
https://lamuchette.fr/collections/maison-et-accessoires,19,3008,0.63%,9.99
https://lamuchette.fr/products/carte-2-volets-alphabet-harry-potter,19,2717,0.7%,2.4
https://lamuchette.fr/collections/harry-potter-accessoires-et-maroquinerie-parapluies/parapluies,19,2155,0.88%,7.82
https://lamuchette.fr/collections/harry-potter-pieces-de-collection-1,19,1376,1.38%,10
https://lamuchette.fr/products/calendrier-de-lavent-honeydukes,19,987,1.93%,5.71
https://lamuchette.fr/collections/noel/mugs-et-verres,19,383,4.96%,6.77
https://lamuchette.fr/collections/harry-potter-vetements-1/robes-de-sorciers,18,5860,0.31%,10.6
https://lamuchette.fr/collections/harry-potter-bijoux/badges-et-pin's,18,3197,0.56%,9.14
https://lamuchette.fr/collections/harry-potter-jeux-et-puzzles-1/puzzles,18,2452,0.73%,14.63
https://lamuchette.fr/products/tasse-chaudron-a-double-paroi,18,1846,0.98%,7.54
https://lamuchette.fr/collections/harry-potter-cuisine,18,998,1.8%,11.03
https://lamuchette.fr/collections/seigneur-des-anneaux-bijoux/boucles-d'oreilles,18,361,4.99%,8.72
https://lamuchette.fr/products/porte-bijoux-dore-fumseck,18,212,8.49%,13.38
https://lamuchette.fr/products/bague-de-gaunt-horcruxe,17,6628,0.26%,9.32
https://lamuchette.fr/products/do5002,17,983,1.73%,11.53
https://lamuchette.fr/products/journal-dark-arts-defence-basics-for-beginners,17,804,2.11%,9.29
https://lamuchette.fr/collections/seigneur-des-anneaux-cuisine/vaisselle,17,726,2.34%,9.09
https://lamuchette.fr/products/cravate-de-dumbledore-pour-thse,17,230,7.39%,9.79
https://lamuchette.fr/products/petite-peluche-boursouflet-violet,16,3839,0.42%,9.34
https://lamuchette.fr/collections/vetements/gryffondor,16,1327,1.21%,10.64
https://lamuchette.fr/collections/tous-les-produits/seigneur-des-anneaux,16,957,1.67%,10.25
https://lamuchette.fr/products/boucles-doreilles-vif-dor-1,16,639,2.5%,8.59
https://lamuchette.fr/products/marque-page-loup,16,557,2.87%,8.5
https://lamuchette.fr/products/calendrier-de-lavent-chemin-de-traverse,16,277,5.78%,4.95
https://lamuchette.fr/products/plaid-fluffy-fantome-fleurs-et-citrouilles,16,276,5.8%,7.55
https://lamuchette.fr/collections/seigneur-des-anneaux-vetements/Écharpes,16,259,6.18%,4.79
https://lamuchette.fr/products/baguette-magique-boite-ollivander-harry-potter,15,5174,0.29%,17.18
https://lamuchette.fr/products/lot-3-paires-de-chaussettes-dobby,15,4303,0.35%,8
https://lamuchette.fr/products/anneau-unique-replique-seigneur-des-anneaux,15,1353,1.11%,18.96
https://lamuchette.fr/collections/harry-potter-decorations/magnets,15,986,1.52%,7.46
https://lamuchette.fr/products/booknook-pharmacie-magique,15,980,1.53%,6.97
https://lamuchette.fr/collections/artisanat-et-curiosites,15,586,2.56%,5.46
https://lamuchette.fr/products/plaque-metal-ministere-de-la-magie,15,538,2.79%,9.09
https://lamuchette.fr/pages/la-tombola-de-noel-2025-est-la,15,120,12.5%,14.94
https://lamuchette.fr/products/book-nook-terrain-de-quidditch-23-cm?variant=51801499763021&country=FR&currency=EUR&utm_medium=product_sync&utm_source=google&utm_content=sag_organic&utm_campaign=sag_organic,15,78,19.23%,5.63
https://lamuchette.fr/products/cravate-gryffondor-logo-tisse-harry-potter,14,8613,0.16%,3.43
https://lamuchette.fr/collections/vetements,14,5814,0.24%,12.33
https://lamuchette.fr/products/pull-de-quidditch-serpentard,14,3102,0.45%,8.59
https://lamuchette.fr/products/tasse-cerise,14,1817,0.77%,4.33
https://lamuchette.fr/products/pack-vetements-6-pieces-poufsouffle,14,1278,1.1%,10.27
https://lamuchette.fr/products/journal-intime-avec-encre-invisible,14,1096,1.28%,7.06
https://lamuchette.fr/products/porte-cles-libellule,14,862,1.62%,7.11
https://lamuchette.fr/products/book-nook-terrain-de-quidditch-23-cm,14,848,1.65%,9.38
https://lamuchette.fr/products/brule-parfum-citrouille-fleurie,14,731,1.92%,8.24
https://lamuchette.fr/products/coffret-magique-weasley-et-weasley,14,731,1.92%,11.03
https://lamuchette.fr/products/tasse-grenouille-et-soucoupe-nenuphar,14,501,2.79%,9.62
https://lamuchette.fr/collections/harry-potter-bijoux/Bagues,14,418,3.35%,5.87
https://lamuchette.fr/pages/qui-sommes-nous,13,12467,0.1%,8.05
https://lamuchette.fr/products/baguette-de-lord-voldemort,13,10340,0.13%,9.91
https://lamuchette.fr/products/la-coupe-de-helga-poufsouffle,13,5174,0.25%,9.79
https://lamuchette.fr/products/poudlard-grande-salle-puzzle-3d-wrebbit,13,3332,0.39%,12.61
https://lamuchette.fr/collections/harry-potter-accessoires-et-maroquinerie/sacs-et-pochettes,13,3062,0.42%,15.14
https://lamuchette.fr/products/echarpe-serpentard-lochaven,13,2055,0.63%,10.44
https://lamuchette.fr/products/arwen-presentoir-etoile-du-soir,13,1551,0.84%,12.08
https://lamuchette.fr/products/mug-chaudron-infusion-de-sorcieres,13,421,3.09%,14.44
https://lamuchette.fr/products/les-recettes-elfiques,13,405,3.21%,18.22
https://lamuchette.fr/products/lot-de-4-sets-de-table-terre-du-milieu,13,362,3.59%,5.63
https://lamuchette.fr/products/hpbb01,12,21180,0.06%,3
https://lamuchette.fr/collections/peluches,12,2991,0.4%,12.44
https://lamuchette.fr/products/livre-harry-potter-coupe-de-feu-edition-illustree-interactive,12,2151,0.56%,9.37
https://lamuchette.fr/products/vide-poche-tapisserie-famille-black,12,601,2%,16.72
https://lamuchette.fr/products/boucles-doreilles-retourneur-de-temps-immobile,12,576,2.08%,13.8
https://lamuchette.fr/products/attrape-soleil-vitrail-poudlard,12,308,3.9%,10.44
https://lamuchette.fr/products/miroir-du-rised?variant=43322176143574&country=FR&currency=EUR&utm_medium=product_sync&utm_source=google&utm_content=sag_organic&utm_campaign=sag_organic,12,35,34.29%,2.49
https://lamuchette.fr/pages/foire-aux-questions,11,10724,0.1%,6.79
https://lamuchette.fr/products/medaillon-de-salazar-serpentard-horcruxe,11,8690,0.13%,5.91
https://lamuchette.fr/collections/harry-potter-papeterie-1/serre-livres,11,3826,0.29%,16.62
https://lamuchette.fr/products/baguette-de-sirius-black,11,3350,0.33%,9.51
https://lamuchette.fr/collections/harry-potter-bijoux/bracelets,11,3034,0.36%,11.33
https://lamuchette.fr/products/robe-de-quidditch-personnalisable-enfants-serpentard,11,2670,0.41%,12.11
https://lamuchette.fr/products/carnet-souple-le-chicaneur,11,2558,0.43%,6.86
https://lamuchette.fr/products/livre-de-coloriage-serdaigle,11,2353,0.47%,8.44
https://lamuchette.fr/products/plaque-ollivander,11,2102,0.52%,9.37
https://lamuchette.fr/products/pins-prefet-gryffondor,11,1948,0.56%,6.44
https://lamuchette.fr/collections/harry-potter-accessoires-et-maroquinerie/parapluies,11,1437,0.77%,10.85
https://lamuchette.fr/products/plume-de-dolores-ombrage,11,1343,0.82%,9.07
https://lamuchette.fr/products/boule-de-cristal-avec-support-dore,11,1083,1.02%,21.18
https://lamuchette.fr/collections/baguettes-magiques/gryffondor,11,1005,1.09%,17.6
https://lamuchette.fr/products/plaid-fluffy-foret-enchantee-creme,11,608,1.81%,5.56
https://lamuchette.fr/products/lot-de-4-sous-verre-le-seigneur-des-anneaux,11,584,1.88%,7.87
https://lamuchette.fr/products/carillon-a-vent-chat-noir,11,548,2.01%,6.96
https://lamuchette.fr/collections/artisanat-et-curiosites-decorations/plaids-et-coussins,11,511,2.15%,3.9
https://lamuchette.fr/products/ensemble-tasse-et-chaussettes-de-noel-pain-depices,11,436,2.52%,16.24
https://lamuchette.fr/products/porte-cles-soleil-dore,11,430,2.56%,9.1
https://lamuchette.fr/products/hpbb07,10,10324,0.1%,5.9
https://lamuchette.fr/products/figurine-doree-lutin-de-cornouailles,10,5637,0.18%,10.44
https://lamuchette.fr/products/gomee-chocogrenouille,10,4691,0.21%,6.04
https://lamuchette.fr/collections/harry-potter-papeterie-1/trousses,10,4134,0.24%,9.76
https://lamuchette.fr/products/sang-de-dragon,10,3217,0.31%,5.66
https://lamuchette.fr/products/manuel-de-dessin-de-poudlard,10,3044,0.33%,14.42
https://lamuchette.fr/collections/harry-potter-papeterie-1/stylos-et-sceaux,10,2558,0.39%,14.58
https://lamuchette.fr/products/ewn000235,10,2252,0.44%,8.56
https://lamuchette.fr/products/nn7855,10,1311,0.76%,21.71
https://lamuchette.fr/products/mug-hibou-irise,10,1077,0.93%,7.1
https://lamuchette.fr/products/book-nook-dragon-20cm,10,1018,0.98%,7.65
https://lamuchette.fr/products/boule-de-cristal-violette-et-support,10,804,1.24%,9.21
https://lamuchette.fr/products/cle-de-la-cellule-de-mirkwood,10,648,1.54%,3.61
https://lamuchette.fr/products/biereaubeurre-flying-cauldron-harry-potter,10,366,2.73%,24.5
https://lamuchette.fr/collections/artisanat-et-curiosites-decorations/potions,10,224,4.46%,8.33
https://lamuchette.fr/products/plaque-murale-du-chemin-de-traverse,10,218,4.59%,6.86
https://lamuchette.fr/products/collier-arbre-les-hauts-de-hurlevent,10,69,14.49%,3.86
https://lamuchette.fr/products/set-de-papeterie-ministere-de-la-magie,10,61,16.39%,8.23
https://lamuchette.fr/products/harry-potter-et-lordre-du-phenix-serdaigle?variant=43322136199382&country=FR&currency=EUR&utm_medium=product_sync&utm_source=google&utm_content=sag_organic&utm_campaign=sag_organic,10,27,37.04%,7.22
https://lamuchette.fr/products/hpbb03,9,10736,0.08%,2.28
https://lamuchette.fr/products/creatures-magiques-focifere,9,6949,0.13%,12.23
https://lamuchette.fr/products/peluche-vif-dor,9,6916,0.13%,13.49
https://lamuchette.fr/products/diademe-de-rowena-serdaigle,9,4674,0.19%,13.89
https://lamuchette.fr/products/baguette-de-harry-potter,9,3819,0.24%,7.06
https://lamuchette.fr/products/creatures-magiques-dragon-de-gringotts,9,3631,0.25%,9.14
https://lamuchette.fr/products/banniere-seigneur-des-anneaux,9,3368,0.27%,7.79
https://lamuchette.fr/collections/harry-potter-friandises-1/sucreries,9,2654,0.34%,16.78
https://lamuchette.fr/products/moule-a-chocogrenouille-en-chocolat-6-boites-chocogrenouille-12-cartes-de-sorciers,9,2147,0.42%,14.88
https://lamuchette.fr/products/badge-gateau-happee-birthdae,9,2125,0.42%,7.95
https://lamuchette.fr/collections/harry-potter-vetements-1/bonnets-et-gants,9,1983,0.45%,11.23
https://lamuchette.fr/products/hppc01,9,1472,0.61%,5.31
https://lamuchette.fr/products/dechpk50,9,1295,0.69%,16.53
https://lamuchette.fr/products/plaques-de-directions-chemin-de-traverse,9,964,0.93%,14.81
https://lamuchette.fr/collections/harry-potter-decorations,9,768,1.17%,10.14
https://lamuchette.fr/products/harry-potter-et-lenfant-maudit-poche,9,739,1.22%,8.72
https://lamuchette.fr/collections/bijoux-badges-et-pins/harry-potter,9,739,1.22%,9.35
https://lamuchette.fr/products/baguette-du-professeur-trelawney,9,723,1.24%,9.09
https://lamuchette.fr/products/coffret-cadeau-quidditch-boucles-doreilles-et-collier-vif-dor,9,709,1.27%,17.21
https://lamuchette.fr/products/harry-potter-destination-serdaigle,9,509,1.77%,11.66
https://lamuchette.fr/collections/vetements/seigneur-des-anneaux,9,410,2.2%,6.18
https://lamuchette.fr/products/boule-de-cristal-de-divination?variant=43322065617110&country=FR&currency=EUR&utm_medium=product_sync&utm_source=google&utm_content=sag_organic&utm_campaign=sag_organic,9,12,75%,7.92
https://lamuchette.fr/collections/harry-potter/poufsouffle,8,6545,0.12%,12.16
https://lamuchette.fr/products/hpbb02,8,6167,0.13%,4.57
https://lamuchette.fr/products/creatures-magiques-buck-lhippogriffe-figurines,8,3975,0.2%,11.88
https://lamuchette.fr/collections/harry-potter-cuisine/mugs-et-verres,8,3971,0.2%,14.3
https://lamuchette.fr/products/journal-de-tom-jedusor,8,3494,0.23%,12.93
https://lamuchette.fr/products/botruc-articule,8,2899,0.28%,8.21
https://lamuchette.fr/products/boite-a-objets-vif-dor,8,1486,0.54%,11.61
https://lamuchette.fr/products/statuette-doree-hedwige,8,1032,0.78%,11.09
https://lamuchette.fr/products/20-cartes-postales-a-colorier,8,984,0.81%,15.49
https://lamuchette.fr/products/baguette-de-grindelwald,8,976,0.82%,7.62
https://lamuchette.fr/collections/les-sacs-fable-england/100-et-plus,8,837,0.96%,7.23
https://lamuchette.fr/products/arwen-pendentif-etoile-du-soir-replique,8,699,1.14%,23.77
https://lamuchette.fr/products/grand-dragon-articule,8,402,1.99%,10.08
https://lamuchette.fr/products/lot-de-4-assiettes-et-4-anneaux-ronds-de-serviettes-seigneur-des-anneaux,8,377,2.12%,6.76
https://lamuchette.fr/products/mug-320-ml-sinistros,8,339,2.36%,9.22
https://lamuchette.fr/products/la-magie-de-minalima,8,337,2.37%,12.04
https://lamuchette.fr/products/booknook-boite-a-musique-chateau-magique,8,297,2.69%,8.28
https://lamuchette.fr/collections/tous-les-produits/plaids-et-coussins,8,288,2.78%,8.19
https://lamuchette.fr/products/vif-dor-pralines-au-chocolat-blanc-et-caramel,8,204,3.92%,17.45
https://lamuchette.fr/collections/seigneur-des-anneaux-papeterie,8,194,4.12%,7.09
https://lamuchette.fr/blogs/lactualite-de-la-muchette/idees-cadeaux-harry-potter-noel-2025,8,167,4.79%,15.31
https://lamuchette.fr/products/tote-bag-premium-orgueil-et-prejuges,8,132,6.06%,7.12
https://lamuchette.fr/collections/artisanat-et-curiosites-papeterie/stickers,8,119,6.72%,12.93
https://lamuchette.fr/products/hpbb05,7,6363,0.11%,3.52
https://lamuchette.fr/products/baguette-de-narcissa-malefoy,7,4102,0.17%,5.49
https://lamuchette.fr/products/baguettes-magiques-coffret-magique-du-monde-des-sorciers,7,2187,0.32%,18.29
https://lamuchette.fr/products/replique-du-parapluie-de-rubeus-hagrid,7,2040,0.34%,10.73
https://lamuchette.fr/products/porte-cles-grenouille,7,1716,0.41%,13.72
https://lamuchette.fr/products/hpbb17,7,1651,0.42%,6.85
https://lamuchette.fr/collections/vetements-echarpes/harry-potter,7,1634,0.43%,12.53
https://lamuchette.fr/products/baguette-de-nymphadora-tonks,7,1418,0.49%,10.34
https://lamuchette.fr/products/pull-poufsouffle,7,1172,0.6%,10.62
https://lamuchette.fr/products/marque-page-metal-anneau-unique,7,1128,0.62%,12.34
https://lamuchette.fr/products/creatures-magiques-mandragore,7,1117,0.63%,10.53
https://lamuchette.fr/products/boule-de-cristal-de-divination,7,1034,0.68%,16.16
https://lamuchette.fr/products/bonnet-en-laine-gryffondor-lochaven,7,913,0.77%,9.76
https://lamuchette.fr/products/boule-de-cristal-bleue-et-support,7,870,0.8%,14.52
https://lamuchette.fr/products/figurine-hedwige,7,760,0.92%,12.34
https://lamuchette.fr/products/baguette-de-neville-londubat,7,719,0.97%,9.81
https://lamuchette.fr/collections/baguettes-magiques/serpentard,7,713,0.98%,14.2
https://lamuchette.fr/products/mug-chauve-souris,7,694,1.01%,7.53
https://lamuchette.fr/products/montre-serpentard,7,653,1.07%,5.9
https://lamuchette.fr/products/sirop-magique-a-la-bieraubeurre,7,467,1.5%,13.35
https://lamuchette.fr/products/sculpture-vif-dor,7,463,1.51%,9.58
https://lamuchette.fr/products/nn7062,7,455,1.54%,14.77
https://lamuchette.fr/products/peluche-mascotte-poufsouffle,7,349,2.01%,16.39
https://lamuchette.fr/products/honeydukes-un-livre-a-gratter-et-a-sentir,7,332,2.11%,11.73
https://lamuchette.fr/products/elixir-du-griffon,7,249,2.81%,7.63
https://lamuchette.fr/products/anneau-reliques-de-la-mort-en-argent-925eme,7,245,2.86%,10.31
https://lamuchette.fr/products/puzzle-phosphorescent-patronus-500-pieces,7,202,3.47%,8.11
https://lamuchette.fr/products/carte-3d-ministere-de-la-magie,7,171,4.09%,16.72
https://lamuchette.fr/collections/seigneur-des-anneaux-papeterie/stylos-et-sceaux,7,104,6.73%,11.23
https://lamuchette.fr/products/calendrier-de-lavent-deluxe-quidditch?variant=52517574836557&country=FR&currency=EUR&utm_medium=product_sync&utm_source=google&utm_content=sag_organic&utm_campaign=sag_organic,7,46,15.22%,3.04
https://lamuchette.fr/products/pull-r-pour-ron?variant=50855556219213&country=FR&currency=EUR&utm_medium=product_sync&utm_source=google&utm_content=sag_organic&utm_campaign=sag_organic,7,22,31.82%,3.73
https://lamuchette.fr/products/pull-ron-weasley-harry-potter-lochaven-ecosse?variant=50855556088141&country=FR&currency=EUR&utm_medium=product_sync&utm_source=google&utm_content=sag_organic&utm_campaign=sag_organic,7,17,41.18%,5.76
https://lamuchette.fr/products/medaillon-de-salazar-serpentard-faux-horcruxe,6,6278,0.1%,8.4
https://lamuchette.fr/collections/baguettes-magiques/20-40,6,4048,0.15%,15.5
https://lamuchette.fr/products/baguette-voldemort-harry-potter-replique-officielle,6,3690,0.16%,12.96
https://lamuchette.fr/products/sachet-bertie-crochue,6,2702,0.22%,14.35
https://lamuchette.fr/products/j02872,6,1502,0.4%,18.9
https://lamuchette.fr/products/boule-de-cristal-avec-support-argente,6,1335,0.45%,22.86
https://lamuchette.fr/collections/harry-potter-papeterie-1/posters,6,1325,0.45%,13.37
https://lamuchette.fr/collections/les-sacs-fable-england-1,6,1067,0.56%,7.49
https://lamuchette.fr/products/la-carte-du-maraudeur-le-guide-de-poudlard,6,940,0.64%,26.51
https://lamuchette.fr/products/theiere-citrouille-noire-et-blanche,6,924,0.65%,6.71
https://lamuchette.fr/products/hppc09,6,910,0.66%,5.82
https://lamuchette.fr/products/feuille-de-la-lorien-broche-replique,6,776,0.77%,17.86
https://lamuchette.fr/products/ewes0054,6,772,0.78%,8.84
https://lamuchette.fr/products/cr5068u,6,740,0.81%,18.79
https://lamuchette.fr/products/banniere-etendard-gryffondor,6,659,0.91%,10.48
https://lamuchette.fr/products/plaid-communaute-de-lanneau,6,568,1.06%,8.68
https://lamuchette.fr/products/baguette-darthur-weasley,6,550,1.09%,9.3
https://lamuchette.fr/collections/baguettes-magiques/poufsouffle,6,453,1.32%,11.73
https://lamuchette.fr/products/baguette-du-professeur-pomona-chourave,6,447,1.34%,16.63
https://lamuchette.fr/collections/seigneur-des-anneaux-papeterie/carnets,6,443,1.35%,16.06
https://lamuchette.fr/products/elixir-cerf-blanc-33cl,6,416,1.44%,7.14
https://lamuchette.fr/products/pot-en-ceramique-tapisserie-famille-black,6,358,1.68%,12.07
https://lamuchette.fr/products/calendrier-de-lavent-deluxe-quiddtich,6,341,1.76%,6.87
https://lamuchette.fr/products/bocal-de-bonbons-a-la-biere-au-beurre,6,308,1.95%,8.14
https://lamuchette.fr/products/plaque-metal-salle-sur-demande,6,289,2.08%,9.18
https://lamuchette.fr/collections/papeterie/marque-page,6,249,2.41%,16.31
https://lamuchette.fr/collections/botanique-et-soins-aux-creatures-magiques,6,238,2.52%,16.36
https://lamuchette.fr/products/tote-bag-tapisserie-famille-black,6,175,3.43%,15.73
https://lamuchette.fr/products/replique-du-collier-d-opale-maudit-precommande,6,141,4.26%,11.65
https://lamuchette.fr/products/set-3-carnets-ministere-de-la-magie,6,133,4.51%,12.74
https://lamuchette.fr/products/tote-bag-famille-black,6,96,6.25%,7.03
https://lamuchette.fr/products/figurines-harry-potter-mini-hero-box-wizards-8-cm,6,93,6.45%,11.26
https://lamuchette.fr/products/c-7000?variant=47234622882125&country=FR&currency=EUR&utm_medium=product_sync&utm_source=google&utm_content=sag_organic&utm_campaign=sag_organic,6,77,7.79%,3.68
https://lamuchette.fr/products/echarpe-en-laine-serdaigle-lochaven?variant=50632683127117&country=FR&currency=EUR&utm_medium=product_sync&utm_source=google&utm_content=sag_organic&utm_campaign=sag_organic,6,13,46.15%,4.54
https://lamuchette.fr/products/pull-ron-weasley-harry-potter-lochaven-ecosse?variant=50855556088141&country=IT&currency=EUR&utm_medium=product_sync&utm_source=google&utm_content=sag_organic&utm_campaign=sag_organic,6,11,54.55%,6.09
https://lamuchette.fr/products/anneau-reliques-de-la-mort-en-argent-925eme?variant=43322018267350&country=FR&currency=EUR&utm_medium=product_sync&utm_source=google&utm_content=sag_organic&utm_campaign=sag_organic,6,8,75%,3.88
https://lamuchette.fr/products/dragees-bertie-crochue-harry-potter-bonbons-surprises-54g,5,4134,0.12%,11.62
https://lamuchette.fr/products/pull-serpentard,5,2406,0.21%,7.22
https://lamuchette.fr/products/jelly-belly-harry-potter-bonbons-10-parfums,5,2120,0.24%,19.8
https://lamuchette.fr/products/pull-de-quidditch-poufsouffle,5,1803,0.28%,5.92
https://lamuchette.fr/collections/pieces-de-collection,5,1263,0.4%,23.15
https://lamuchette.fr/products/cahier-ligne-a5-sortileges-avances,5,1208,0.41%,36.76
https://lamuchette.fr/products/petite-peluche-boursouflet-rose,5,1017,0.49%,13.44
https://lamuchette.fr/products/harry-potter-destination-gryffondor,5,857,0.58%,18.04
https://lamuchette.fr/products/006426,5,827,0.6%,12.29
https://lamuchette.fr/products/robe-de-sorcier-enfants-poufsouffle,5,734,0.68%,13.22
https://lamuchette.fr/products/bruleur-a-huile-sapin-rose-2,5,674,0.74%,8.84
https://lamuchette.fr/products/carte-du-maraudeur,5,662,0.76%,28.84
https://lamuchette.fr/products/plaque-aluminium-drapeau-du-rohan,5,603,0.83%,5.23
https://lamuchette.fr/products/hppc05,5,590,0.85%,5.75
https://lamuchette.fr/products/boite-a-bijoux-chocogrenouille,5,586,0.85%,6.62
https://lamuchette.fr/products/carte-serpentard-gaelle-levalet,5,575,0.87%,6.12
https://lamuchette.fr/products/pop-up-magique-bienvenue-a-poudlard,5,549,0.91%,8.5
https://lamuchette.fr/products/theiere-et-tasse-divination,5,526,0.95%,26.23
https://lamuchette.fr/collections/minalima/harry-potter?page=4,5,492,1.02%,8.4
https://lamuchette.fr/products/ewes00124,5,423,1.18%,27.8
https://lamuchette.fr/products/sang-de-licorne,5,380,1.32%,9.11
https://lamuchette.fr/products/bruleur-a-huile-rennes,5,359,1.39%,7.36
https://lamuchette.fr/products/bebe-dragon-articule-irise-figurine,5,340,1.47%,9.42
https://lamuchette.fr/products/puzzle-harry-potter-confiseries-magiques-200-pieces,5,330,1.52%,7.24
https://lamuchette.fr/products/boule-de-noel-cadeau-etoile-du-soir,5,322,1.55%,16.16
https://lamuchette.fr/products/boule-de-noel-cadeau-broche-de-la-lorien,5,285,1.75%,11.09
https://lamuchette.fr/products/potion-du-mage-noir,5,277,1.81%,11.91
https://lamuchette.fr/products/noel-a-poudlard-illustre-par-ziyi-gao,5,237,2.11%,16.19
https://lamuchette.fr/products/lot-de-3-paires-de-chaussettes-hautes-serpentard,5,232,2.16%,11.36
https://lamuchette.fr/collections/seigneur-des-anneaux-papeterie/stickers,5,228,2.19%,9.03
https://lamuchette.fr/collections/artisanat-et-curiosites-cuisine/mugs-et-verres,5,218,2.29%,8.46
https://lamuchette.fr/products/art-print-ministere-de-la-magie-du-bresil,5,213,2.35%,5.74
https://lamuchette.fr/products/chope-en-metal-legend,5,210,2.38%,8.02
https://lamuchette.fr/pages/programme-de-fidelite,5,185,2.7%,2.25
https://lamuchette.fr/products/boutiques-weasley-farces-pour-sorciers-facetieux,5,169,2.96%,7.93
https://lamuchette.fr/products/pack-vetements-6-pieces-gryffondor-1,5,139,3.6%,9.37
https://lamuchette.fr/products/pendentif-coeur-ron-weasley,5,130,3.85%,5.5
https://lamuchette.fr/products/porte-cles-carte-du-maraudeur,5,124,4.03%,9.95
https://lamuchette.fr/products/carnet-hibou-vol-de-nuit,5,124,4.03%,16.73
https://lamuchette.fr/products/mug-premium-ministere-de-la-magie,5,115,4.35%,6.96
https://lamuchette.fr/collections/seigneur-des-anneaux-papeterie-marque-pages/marque-pages,5,88,5.68%,7.78
https://lamuchette.fr/collections/artisanat-et-curiosites-papeterie/cartes,5,78,6.41%,14.71
https://lamuchette.fr/products/journal-advanced-potion-making-edition-ii?variant=43322146750678&country=FR&currency=EUR&utm_medium=product_sync&utm_source=google&utm_content=sag_organic&utm_campaign=sag_organic,5,71,7.04%,2.8
https://lamuchette.fr/products/harry-potter-i-harry-potter-a-lecole-des-sorciers-kay?variant=43322137247958&country=FR&currency=EUR&utm_medium=product_sync&utm_source=google&utm_content=sag_organic&utm_campaign=sag_organic,5,38,13.16%,6.58
https://lamuchette.fr/products/book-nook-dragon-noir-20cm?variant=52065649623373&country=FR&currency=EUR&utm_medium=product_sync&utm_source=google&utm_content=sag_organic&utm_campaign=sag_organic,5,12,41.67%,3.33
https://lamuchette.fr/products/retourneur-de-temps-5cm?variant=43322317766870&country=FR&currency=EUR&utm_medium=product_sync&utm_source=google&utm_content=sag_organic&utm_campaign=sag_organic,5,8,62.5%,4.88
https://lamuchette.fr/products/hpbb04,4,6360,0.06%,3.41
https://lamuchette.fr/pages/livraison-retours-et-remboursements,4,2715,0.15%,9.72
https://lamuchette.fr/products/harry-potter-et-le-prince-de-sang-mele-poche,4,2660,0.15%,10.77
https://lamuchette.fr/products/premiere-baguette-magique-harry-potter-boite-ollivander,4,2551,0.16%,48.78
https://lamuchette.fr/products/armoiries-maison-poufsouffle,4,2429,0.16%,9.21
https://lamuchette.fr/products/creatures-magiques-occamy-figurine-animaux-fantastiques,4,1841,0.22%,10.35
https://lamuchette.fr/products/nn7580,4,1756,0.23%,36.72
https://lamuchette.fr/products/peluche-patronus-loutre,4,1711,0.23%,8.7
https://lamuchette.fr/products/pull-gryffondor-harry-potter-uniforme-col-v,4,1464,0.27%,9.44
https://lamuchette.fr/products/harry-potter-et-la-chambre-des-secrets-ii-gryffondor,4,1463,0.27%,14.29
https://lamuchette.fr/products/pull-serdaigle,4,1325,0.3%,7.99
https://lamuchette.fr/products/baguette-de-mangemort-serpent,4,1303,0.31%,5.63
https://lamuchette.fr/products/chocogrenouille,4,1263,0.32%,15.31
https://lamuchette.fr/products/livre-de-coloriage-serpentard,4,1183,0.34%,8.37
https://lamuchette.fr/collections/meilleures-ventes/100-et-plus,4,1077,0.37%,2.93
https://lamuchette.fr/products/lutin-de-cornouailles-articule-animaux-fantastiques,4,988,0.4%,11.4
https://lamuchette.fr/products/porte-cles-dobby-lelfe-de-maison-harry-potter,4,923,0.43%,12.89
https://lamuchette.fr/products/peluche-collector-mandragore-electronique,4,901,0.44%,9.03
https://lamuchette.fr/collections/harry-potter-papeterie-1,4,846,0.47%,20.26
https://lamuchette.fr/products/banniere-etendard-serpentard,4,754,0.53%,8.17
https://lamuchette.fr/products/baguette-de-celebration-sortilege-du-patronus,4,654,0.61%,9.42
https://lamuchette.fr/products/robe-de-sorcier-enfants-serdaigle,4,632,0.63%,19.72
https://lamuchette.fr/products/hppc02,4,554,0.72%,4.61
https://lamuchette.fr/products/porte-cles-hibou-dore,4,545,0.73%,12.64
https://lamuchette.fr/products/trousse-de-toilette-potions,4,491,0.81%,13.27
https://lamuchette.fr/products/plaque-sortilege-lumos,4,431,0.93%,11.74
https://lamuchette.fr/products/bonnet-en-laine-poufsouffle-lochaven,4,376,1.06%,6.97
https://lamuchette.fr/collections/artisanat-et-curiosites-decorations/bougies,4,375,1.07%,38.52
https://lamuchette.fr/products/ewn000124,4,370,1.08%,13.73
https://lamuchette.fr/products/collier-loupe-sherlock-holmes,4,356,1.12%,9.53
https://lamuchette.fr/collections/artisanat-et-curiosites-decorations,4,337,1.19%,4.26
https://lamuchette.fr/collections/noel/serpentard,4,337,1.19%,9.57
https://lamuchette.fr/products/puzzle-harry-ron-hermione,4,318,1.26%,10.78
https://lamuchette.fr/products/jeton-calin-fantome,4,280,1.43%,4.88
https://lamuchette.fr/products/banniere-etendard-poufsouffle,4,280,1.43%,8.7
https://lamuchette.fr/products/006427,4,268,1.49%,11.3
https://lamuchette.fr/products/lot-de-3-paires-de-chaussettes-hautes-serdaigle,4,256,1.56%,14.18
https://lamuchette.fr/collections/univers-enchante-et-artisanat,4,238,1.68%,7.35
https://lamuchette.fr/products/carnet-brode-hedwige,4,223,1.79%,8.95
https://lamuchette.fr/products/marque-page-vitrail-poudlard-au-soleil-couchant,4,212,1.89%,3.92
https://lamuchette.fr/products/journal-a-history-of-magic,4,209,1.91%,8.03
https://lamuchette.fr/products/serre-livres-arbre-de-gondor,4,195,2.05%,8.86
https://lamuchette.fr/products/porte-passeport-ministere-de-la-magie,4,192,2.08%,11.51
https://lamuchette.fr/products/jarre-lumineuse-led-poudlard,4,190,2.11%,6.17
https://lamuchette.fr/collections/seigneur-des-anneaux-decorations/noel,4,190,2.11%,8.24
https://lamuchette.fr/products/plaque-privet-drive,4,180,2.22%,7.99
https://lamuchette.fr/products/ouvre-lettres-dard,4,176,2.27%,16.67
https://lamuchette.fr/collections/papeterie/carnets,4,161,2.48%,18.52
https://lamuchette.fr/products/album-photo-4-maisons,4,160,2.5%,8.46
https://lamuchette.fr/products/bonnet-serdaigle-lochaven,4,155,2.58%,8.35
https://lamuchette.fr/products/decoration-de-noel-choixpeau,4,152,2.63%,4.99
https://lamuchette.fr/products/figurine-doree-buck,4,144,2.78%,11.73
https://lamuchette.fr/collections/seigneur-des-anneaux-jeux-et-puzzles/puzzles,4,137,2.92%,10.38
https://lamuchette.fr/products/book-nook-dragon-noir-20cm,4,130,3.08%,5.01
https://lamuchette.fr/products/marque-page-jde-cerf-type-2,4,118,3.39%,7.34
https://lamuchette.fr/products/abymuga111,4,118,3.39%,10
https://lamuchette.fr/products/calendrier-de-l-avent-2024-dobby,4,117,3.42%,10.38
https://lamuchette.fr/collections/artisanat-et-curiosites-papeterie/illustrations,4,113,3.54%,8.49
https://lamuchette.fr/collections/minalima/badges-et-pins,4,112,3.57%,5.91
https://lamuchette.fr/products/fondant-de-cire-citrouille,4,101,3.96%,8.52
https://lamuchette.fr/products/sirop-magique-chocogrenouille,4,80,5%,6.6
https://lamuchette.fr/collections/soldes/60-100,4,70,5.71%,3.87
https://lamuchette.fr/products/plaque-du-terrier-the-burrow,4,63,6.35%,12.51
https://lamuchette.fr/collections/seigneur-des-anneaux-decorations-suspensions/noel,4,60,6.67%,5.25
https://lamuchette.fr/products/mini-booknook-magnet-bibliotheque-magique,4,60,6.67%,6.73
https://lamuchette.fr/products/pins-niffleur-emaille,4,59,6.78%,6.02
https://lamuchette.fr/products/collier-long-chocogrenouille,4,48,8.33%,5.65
https://lamuchette.fr/collections/seigneur-des-anneaux-bijoux/Boucles-d'oreilles,4,47,8.51%,11.04
https://lamuchette.fr/products/boule-de-noel-led-poudlard,4,32,12.5%,6.97
https://lamuchette.fr/products/pins-weasley-weasley,4,30,13.33%,4.97
https://lamuchette.fr/products/fondant-de-cire-ceremonie-de-repartition,4,30,13.33%,9.23
https://lamuchette.fr/products/badge-bieraubeurre,4,26,15.38%,6.58
https://lamuchette.fr/products/harry-potter-et-la-coupe-de-feu-poche?variant=46901963850061&country=FR&currency=EUR&utm_medium=product_sync&utm_source=google&utm_content=sag_organic&utm_campaign=sag_organic,4,24,16.67%,7.21
https://lamuchette.fr/products/petit-miroir-du-rised?variant=51344140566861&country=FR&currency=EUR&utm_medium=product_sync&utm_source=google&utm_content=sag_organic&utm_campaign=sag_organic,4,23,17.39%,2.43
https://lamuchette.fr/products/arwen-pendentif-etoile-du-soir-replique?variant=43322020331734&country=FR&currency=EUR&utm_medium=product_sync&utm_source=google&utm_content=sag_organic&utm_campaign=sag_organic,4,20,20%,5.55
https://lamuchette.fr/products/le-livre-des-stickers-de-poudlard-1000-autocollants?variant=51909957976397&country=FR&currency=EUR&utm_medium=product_sync&utm_source=google&utm_content=sag_organic&utm_campaign=sag_organic,4,17,23.53%,5.88
https://lamuchette.fr/products/pop-up-magique-bienvenue-a-poudlard?variant=52604368519501&country=FR&currency=EUR&utm_medium=product_sync&utm_source=google&utm_content=sag_organic&utm_campaign=sag_organic,4,16,25%,6
https://lamuchette.fr/products/la-magie-de-minalima?variant=47473493311821&country=FR&currency=EUR&utm_medium=product_sync&utm_source=google&utm_content=sag_organic&utm_campaign=sag_organic,4,14,28.57%,4.07
https://lamuchette.fr/products/marque-page-vitrail-chevalier-lecteur,4,14,28.57%,4.43
https://lamuchette.fr/products/pull-r-pour-ron?variant=50855556186445&country=FR&currency=EUR&utm_medium=product_sync&utm_source=google&utm_content=sag_organic&utm_campaign=sag_organic,4,13,30.77%,4.38
https://lamuchette.fr/products/carte-de-la-terre-du-milieu?variant=43322084360406&country=FR&currency=EUR&utm_medium=product_sync&utm_source=google&utm_content=sag_organic&utm_campaign=sag_organic,4,12,33.33%,3.25
https://lamuchette.fr/products/harry-potter-et-lordre-du-phenix-gryffondoor?variant=43322135740630&country=FR&currency=EUR&utm_medium=product_sync&utm_source=google&utm_content=sag_organic&utm_campaign=sag_organic,4,12,33.33%,3.83
https://lamuchette.fr/products/ensemble-tasse-et-chaussettes-de-noel-pain-depices?variant=50236128821581&country=FR&currency=EUR&utm_medium=product_sync&utm_source=google&utm_content=sag_organic&utm_campaign=sag_organic,4,12,33.33%,6.58
https://lamuchette.fr/products/bieraubeurre-sans-alcool?variant=43322053689558&country=FR&currency=EUR&utm_medium=product_sync&utm_source=google&utm_content=sag_organic&utm_campaign=sag_organic,4,11,36.36%,10.36
https://lamuchette.fr/products/lot-de-4-assiettes-seigneur-des-anneaux-tavernes?variant=52139542217037&country=FR&currency=EUR&utm_medium=product_sync&utm_source=google&utm_content=sag_organic&utm_campaign=sag_organic,4,10,40%,3.1
https://lamuchette.fr/products/pull-h-pour-harry?variant=50855595278669&country=FR&currency=EUR&utm_medium=product_sync&utm_source=google&utm_content=sag_organic&utm_campaign=sag_organic,4,10,40%,3.9
https://lamuchette.fr/products/harry-potter-et-la-chambre-des-secrets-ii-poufsouffle?variant=43322134364374&country=FR&currency=EUR&utm_medium=product_sync&utm_source=google&utm_content=sag_organic&utm_campaign=sag_organic,4,10,40%,4.1
https://lamuchette.fr/products/grand-dragon-articule?variant=52065635598669&country=FR&currency=EUR&utm_medium=product_sync&utm_source=google&utm_content=sag_organic&utm_campaign=sag_organic,4,9,44.44%,3.22
https://lamuchette.fr/products/mug-et-couvercle-citrouille-fleurie?variant=52171767480653&country=FR&currency=EUR&utm_medium=product_sync&utm_source=google&utm_content=sag_organic&utm_campaign=sag_organic,4,9,44.44%,5.78
https://lamuchette.fr/products/baguette-darthur-weasley?variant=43322026819798&country=FR&currency=EUR&utm_medium=product_sync&utm_source=google&utm_content=sag_organic&utm_campaign=sag_organic,4,8,50%,1.25
https://lamuchette.fr/products/jeu-de-socit-animaux-fantastiques?variant=43322146095318&country=FR&currency=EUR&utm_medium=product_sync&utm_source=google&utm_content=sag_organic&utm_campaign=sag_organic,4,8,50%,5
https://lamuchette.fr/products/mini-puzzle-en-bouteille-150-pices?variant=43322175848662&country=FR&currency=EUR&utm_medium=product_sync&utm_source=google&utm_content=sag_organic&utm_campaign=sag_organic,4,8,50%,9.25
https://lamuchette.fr/products/replique-du-collier-d-opale-maudit-precommande?variant=52516378968397&country=FR&currency=EUR&utm_medium=product_sync&utm_source=google&utm_content=sag_organic&utm_campaign=sag_organic,4,5,80%,7.4
https://lamuchette.fr/products/baguette-de-mondingus-fletcher,3,4167,0.07%,6.51
https://lamuchette.fr/products/baguette-de-hermione-granger,3,3265,0.09%,22.2
https://lamuchette.fr/products/baguette-de-fenrir-greyback,3,3075,0.1%,9.6
https://lamuchette.fr/products/sablier-du-professeur-slughorn,3,3047,0.1%,8.33
https://lamuchette.fr/collections/baguettes-magiques/baguettes-ollivander,3,2871,0.1%,14.42
https://lamuchette.fr/pages/mentions-legales,3,2294,0.13%,4.91
https://lamuchette.fr/products/baguette-magique-boite-ollivander-dolores-ombrage,3,2276,0.13%,9.43
https://lamuchette.fr/products/figurine-smaug-bilbon-le-hobbit,3,2070,0.14%,12.21
https://lamuchette.fr/products/bertie-crochue-carte-de-voeux-harry-potter,3,1964,0.15%,4.4
https://lamuchette.fr/products/grand-livre-pop-up-des-creatures,3,1861,0.16%,26.05
https://lamuchette.fr/products/baguette-de-ginny-weasley,3,1709,0.18%,12.49
https://lamuchette.fr/collections/harry-potter-vetements-1/Écharpes,3,1625,0.18%,10.7
https://lamuchette.fr/products/hpbb15,3,1625,0.18%,13.22
https://lamuchette.fr/products/nimbus-2000-junior,3,1591,0.19%,20.18
https://lamuchette.fr/collections/jeux-et-puzzles,3,1375,0.22%,11.78
https://lamuchette.fr/products/bitty-pop-deluxe-owl-emporium-royaume-du-hibou,3,1195,0.25%,9.95
https://lamuchette.fr/products/hppc14,3,1193,0.25%,5.99
https://lamuchette.fr/products/creatures-magiques-dobby,3,1157,0.26%,19.36
https://lamuchette.fr/products/mug-thermoreactif-poudlard,3,1062,0.28%,27.32
https://lamuchette.fr/products/figurines-gomee-professeur-minerva-mcgonagall,3,1052,0.29%,11.82
https://lamuchette.fr/products/ensemble-tasse-et-chaussettes-pere-noel,3,996,0.3%,23.74
https://lamuchette.fr/collections/harry-potter-figurines-et-peluches/autres,3,844,0.36%,14.16
https://lamuchette.fr/products/le-livre-de-cuisine-harry-potter-special-patisserie,3,822,0.36%,11.11
https://lamuchette.fr/products/ehppb0053,3,751,0.4%,7.74
https://lamuchette.fr/products/ehpcb0393,3,715,0.42%,10.3
https://lamuchette.fr/products/la-magie-de-laquarelle-harry-potter,3,712,0.42%,9.94
https://lamuchette.fr/collections/harry-potter-figurines-et-peluches/creatures-magiques,3,622,0.48%,22.41
https://lamuchette.fr/products/banniere-etendard-poudlard,3,611,0.49%,11.59
https://lamuchette.fr/collections/meilleures-ventes,3,604,0.5%,16.72
https://lamuchette.fr/collections/harry-potter-papeterie-1/livres,3,591,0.51%,33.14
https://lamuchette.fr/collections/harry-potter-papeterie-1/cartes,3,577,0.52%,15.89
https://lamuchette.fr/collections/harry-potter-decorations/suspensions,3,574,0.52%,7.62
https://lamuchette.fr/products/pull-de-quidditch-serdaigle-1,3,544,0.55%,8.29
https://lamuchette.fr/collections/maison-et-accessoires/seigneur-des-anneaux,3,525,0.57%,20.78
https://lamuchette.fr/products/blason-mural-poudlard,3,501,0.6%,20.48
https://lamuchette.fr/collections/artisanat-et-curiosites-bijoux/badges-et-pin's,3,479,0.63%,15.1
https://lamuchette.fr/collections/harry-potter-decorations/decorations-murales,3,462,0.65%,12.55
https://lamuchette.fr/collections/soldes/100-et-plus,3,453,0.66%,3.72
https://lamuchette.fr/products/abykey394,3,421,0.71%,9.48
https://lamuchette.fr/products/marque-page-serdaigle-harry-potter,3,415,0.72%,8.28
https://lamuchette.fr/products/plaque-a-poser-expecto-patronum,3,407,0.74%,10.6
https://lamuchette.fr/products/lots-3-paires-de-chaussettes-le-seigneur-des-anneaux,3,388,0.77%,5.9
https://lamuchette.fr/collections/harry-potter-bijoux/Boucles-d'oreilles,3,365,0.82%,11.47
https://lamuchette.fr/products/retourneur-de-temps-carte-de-voeux-harry-potter,3,362,0.83%,10.15
https://lamuchette.fr/products/miroir-a-main-abeille,3,302,0.99%,15.74
https://lamuchette.fr/products/chaussette-de-noel-hedwige,3,298,1.01%,8.1
https://lamuchette.fr/products/funko-mystery-minis-harry-potter-series-3,3,271,1.11%,11.59
https://lamuchette.fr/products/echarpe-carte-du-maraudeur,3,270,1.11%,8.18
https://lamuchette.fr/products/le-livre-de-coloriage-de-poudlard-posters-magiques,3,269,1.12%,16.81
https://lamuchette.fr/products/magnet-epoxy-set-de-8-harry-potter,3,265,1.13%,11.12
https://lamuchette.fr/products/plat-a-bijoux-empilable-lune-et-soleil,3,263,1.14%,9.67
https://lamuchette.fr/blogs/lactualite-de-la-muchette,3,258,1.16%,6.08
https://lamuchette.fr/products/stickers-phosphorescents-patronus,3,256,1.17%,30.98
https://lamuchette.fr/products/marque-page-vitrail-citrouilles-de-hobbit,3,245,1.22%,5.93
https://lamuchette.fr/collections/noel?page=6,3,243,1.23%,10.73
https://lamuchette.fr/products/pins-vif-dor-1,3,239,1.26%,13.71
https://lamuchette.fr/products/harry-potter-a-lecole-des-sorciers-poche,3,237,1.27%,11.5
https://lamuchette.fr/products/petit-miroir-du-rised,3,232,1.29%,29.08
https://lamuchette.fr/products/set-cachets-de-cire-le-seigneur-des-anneaux,3,227,1.32%,26.85
https://lamuchette.fr/products/theiere-harry-potter-divination-tea-for-one,3,222,1.35%,10.11
https://lamuchette.fr/collections/maison-et-accessoires/harry-potter,3,213,1.41%,13.45
https://lamuchette.fr/collections/minalima/40-60,3,212,1.42%,16.27
https://lamuchette.fr/products/guide-cinema-6-les-creatures,3,212,1.42%,19.46
https://lamuchette.fr/products/coffret-7-tomes-harry-potter,3,201,1.49%,27.65
https://lamuchette.fr/products/micro-stickers-242-pieces,3,190,1.58%,7.02
https://lamuchette.fr/products/set-de-calligraphie-extra-rouge,3,177,1.69%,15.3
https://lamuchette.fr/products/journal-les-animaux-fantastiques,3,176,1.7%,17.03
https://lamuchette.fr/products/marque-page-vitrail-velaris,3,150,2%,4.09
https://lamuchette.fr/products/tapis-de-bureau-carte-du-maraudeur,3,145,2.07%,11.09
https://lamuchette.fr/products/set-de-calligraphie-extra-rayee,3,142,2.11%,14.87
https://lamuchette.fr/products/linogravure-better-beer-a5-dore,3,139,2.16%,8.4
https://lamuchette.fr/collections/papeterie/les-animaux-fantastiques,3,134,2.24%,29.37
https://lamuchette.fr/products/tapis-de-bureau-hedwige,3,132,2.27%,5.78
https://lamuchette.fr/products/carte-3d-de-noel-valse-des-champions-au-yule-ball,3,122,2.46%,15.25
https://lamuchette.fr/products/marque-page-magnetique-hedwige,3,114,2.63%,8.41
https://lamuchette.fr/products/stylo-baguette-minerva-mcgonagall-et-support,3,109,2.75%,38.2
https://lamuchette.fr/products/carillons-fees,3,108,2.78%,6.34
https://lamuchette.fr/products/carnet-a-patchs-honeydukes,3,107,2.8%,17.58
https://lamuchette.fr/products/set-4-pins-ministere-de-la-magie,3,106,2.83%,12.04
https://lamuchette.fr/collections/seigneur-des-anneaux-decorations/décorations-murales,3,105,2.86%,11.59
https://lamuchette.fr/products/porte-cles-mouette-et-frites,3,104,2.88%,8.92
https://lamuchette.fr/products/parapluie-transparent-hedwige,3,101,2.97%,7.32
https://lamuchette.fr/products/mini-suspension-pull-ron,3,98,3.06%,4.87
https://lamuchette.fr/products/mug-et-couvercle-citrouille-fleurie,3,96,3.12%,12.78
https://lamuchette.fr/products/calendrier-de-lavent-creatures-du-monde-des-sorciers?variant=50267290239309&country=FR&currency=EUR&utm_medium=product_sync&utm_source=google&utm_content=sag_organic&utm_campaign=sag_organic,3,90,3.33%,5.92
https://lamuchette.fr/products/boucles-doreilles-etoile-du-soir,3,86,3.49%,7.1
https://lamuchette.fr/products/tote-bag-champignons,3,79,3.8%,5.05
https://lamuchette.fr/collections/harry-potter-decorations-suspensions/suspensions,3,76,3.95%,6.95
https://lamuchette.fr/collections/harry-potter-decorations/Noël,3,74,4.05%,11.66
https://lamuchette.fr/products/006426?variant=47086839234893&country=FR&currency=EUR&utm_medium=product_sync&utm_source=google&utm_content=sag_organic&utm_campaign=sag_organic,3,69,4.35%,5.64
https://lamuchette.fr/products/crochet-mural-libellule,3,66,4.55%,5.86
https://lamuchette.fr/products/brule-parfum-croissant-de-lune,3,65,4.62%,5.05
https://lamuchette.fr/products/carte-2-volets-livre-advanced-potion-making-edition-ii?variant=43322080362710&country=FR&currency=EUR&utm_medium=product_sync&utm_source=google&utm_content=sag_organic&utm_campaign=sag_organic,3,64,4.69%,2.7
https://lamuchette.fr/collections/soldes/booknook,3,62,4.84%,8.56
https://lamuchette.fr/products/harry-potter-blagues-et-devinettes,3,57,5.26%,21.25
https://lamuchette.fr/collections/minalima?page=4,3,45,6.67%,14
https://lamuchette.fr/products/tasse-faience-renard,3,43,6.98%,12.7
https://lamuchette.fr/products/bougie-chocogrenouille,3,39,7.69%,9.28
https://lamuchette.fr/collections/harry-potter-bijoux/serdaigle,3,38,7.89%,6.18
https://lamuchette.fr/collections/artisanat-et-curiosites/papeterie,3,37,8.11%,12.41
https://lamuchette.fr/products/j02872?variant=47086839529805&country=FR&currency=EUR&utm_medium=product_sync&utm_source=google&utm_content=sag_organic&utm_campaign=sag_organic,3,34,8.82%,6.21
https://lamuchette.fr/products/ouvre-lettres-hadhafang,3,33,9.09%,11.3
https://lamuchette.fr/collections/harry-potter-bijoux/gryffondor,3,30,10%,7.83
https://lamuchette.fr/products/porte-cles-weasley-weasley,3,30,10%,8.2
https://lamuchette.fr/products/chocogrenouille?variant=43322095567062&country=FR&currency=EUR&utm_medium=product_sync&utm_source=google&utm_content=sag_organic&utm_campaign=sag_organic,3,27,11.11%,3.93
https://lamuchette.fr/products/stickers-sortileges,3,27,11.11%,6.33
https://lamuchette.fr/collections/inspiration-light-academia/20-40?page=2,3,23,13.04%,9.78
https://lamuchette.fr/collections/harry-potter-baguettes-magiques/poufsouffle,3,22,13.64%,8.41
https://lamuchette.fr/products/set-badges-harry-potter-ministere-magie-minalima,3,21,14.29%,3.9
https://lamuchette.fr/collections/artisanat-et-curiosites/bougies,3,19,15.79%,6.95
https://lamuchette.fr/products/bougie-la-cabane-de-hagrid,3,13,23.08%,3.54
https://lamuchette.fr/products/harry-potter-a-lecole-des-sorciers-i-serdaigle?variant=43322133020886&country=FR&currency=EUR&utm_medium=product_sync&utm_source=google&utm_content=sag_organic&utm_campaign=sag_organic,3,12,25%,5.83
https://lamuchette.fr/products/la-carte-du-maraudeur-le-guide-de-poudlard?variant=43322152222934&country=FR&currency=EUR&utm_medium=product_sync&utm_source=google&utm_content=sag_organic&utm_campaign=sag_organic,3,11,27.27%,2
https://lamuchette.fr/products/medaillon-de-salazar-serpentard-faux-horcruxe?variant=43322174505174&country=FR&currency=EUR&utm_medium=product_sync&utm_source=google&utm_content=sag_organic&utm_campaign=sag_organic,3,9,33.33%,2.33
https://lamuchette.fr/products/banniere-chemin-de-traverse,3,9,33.33%,4.44
https://lamuchette.fr/products/boule-de-cristal-avec-support-dore?variant=48177655710029&country=FR&currency=EUR&utm_medium=product_sync&utm_source=google&utm_content=sag_organic&utm_campaign=sag_organic,3,9,33.33%,5.56
https://lamuchette.fr/products/statuette-doree-hedwige?variant=46914049048909&country=FR&currency=EUR&utm_medium=product_sync&utm_source=google&utm_content=sag_organic&utm_campaign=sag_organic,3,8,37.5%,2.25
https://lamuchette.fr/products/porte-monnaie-hedwige-1?variant=46565149409613&country=FR&currency=EUR&utm_medium=product_sync&utm_source=google&utm_content=sag_organic&utm_campaign=sag_organic,3,8,37.5%,2.38
https://lamuchette.fr/products/commode-des-4-maisons?variant=53563968094541&country=FR&currency=EUR&utm_medium=product_sync&utm_source=google&utm_content=sag_organic&utm_campaign=sag_organic,3,8,37.5%,2.62
https://lamuchette.fr/products/theiere-harry-potter-divination-tea-for-one?variant=49969641390413&country=FR&currency=EUR&utm_medium=product_sync&utm_source=google&utm_content=sag_organic&utm_campaign=sag_organic,3,8,37.5%,4.75
https://lamuchette.fr/products/echarpe-en-laine-gryffondor-lochaven?variant=50632707113293&country=FR&currency=EUR&utm_medium=product_sync&utm_source=google&utm_content=sag_organic&utm_campaign=sag_organic,3,8,37.5%,6
https://lamuchette.fr/products/lot-de-4-sets-de-table-terre-du-milieu?variant=51148290031949&country=FR&currency=EUR&utm_medium=product_sync&utm_source=google&utm_content=sag_organic&utm_campaign=sag_organic,3,7,42.86%,6.57
https://lamuchette.fr/products/poster-de-porte-grosse-dame?variant=43322266910934&country=FR&currency=EUR&utm_medium=product_sync&utm_source=google&utm_content=sag_organic&utm_campaign=sag_organic,3,6,50%,1.5
https://lamuchette.fr/products/agenda-harry-potter-2025-2026?variant=51775889539405&country=FR&currency=EUR&utm_medium=product_sync&utm_source=google&utm_content=sag_organic&utm_campaign=sag_organic&gQT=2,3,5,60%,1.4
https://lamuchette.fr/products/carte-de-voeux-constellations?variant=52179764674893&country=FR&currency=EUR&utm_medium=product_sync&utm_source=google&utm_content=sag_organic&utm_campaign=sag_organic,3,5,60%,2.6
https://lamuchette.fr/products/puzzle-carte-du-maraudeur?variant=43322308624598&country=FR&currency=EUR&utm_medium=product_sync&utm_source=google&utm_content=sag_organic&utm_campaign=sag_organic,3,5,60%,5.4
https://lamuchette.fr/products/bague-eclair-et-lunettes-argent-925eme?variant=43538244436182&country=FR&currency=EUR&utm_medium=product_sync&utm_source=google&utm_content=sag_organic&utm_campaign=sag_organic,3,4,75%,1.75
https://lamuchette.fr/products/nn7428?variant=47086839202125&country=FR&currency=EUR&utm_medium=product_sync&utm_source=google&utm_content=sag_organic&utm_campaign=sag_organic,3,4,75%,6.25
https://lamuchette.fr/products/carillon-a-vent-chat-bleu-souriant?variant=51195930214733&country=FR&currency=EUR&utm_medium=product_sync&utm_source=google&utm_content=sag_organic&utm_campaign=sag_organic,3,3,100%,1.67
https://lamuchette.fr/products/brule-parfum-citrouille-magic-is-in-you?variant=52172133400909&country=FR&currency=EUR&utm_medium=product_sync&utm_source=google&utm_content=sag_organic&utm_campaign=sag_organic,3,3,100%,7
https://lamuchette.fr/products/carte-cadeau-la-muchette,2,7254,0.03%,10.62
https://lamuchette.fr/products/harry-potter-porte-cles-poudlard,2,4513,0.04%,8.92
https://lamuchette.fr/products/baguette-de-pius-thicknesse,2,3077,0.06%,3.83
https://lamuchette.fr/products/baguette-du-professeur-minerva-mcgonagall,2,2788,0.07%,6.13
https://lamuchette.fr/products/fbbb07,2,2747,0.07%,6.95
https://lamuchette.fr/products/creatures-magiques-detraqueur-figurines,2,2570,0.08%,12.32
https://lamuchette.fr/products/puzzle-carte-du-maraudeur,2,2369,0.08%,16.19
https://lamuchette.fr/products/creatures-magiques-niffleur,2,2127,0.09%,24.66
https://lamuchette.fr/products/baguette-de-gregorovitch,2,1864,0.11%,7.25
https://lamuchette.fr/products/hpbb08,2,1845,0.11%,8.48
https://lamuchette.fr/products/baguette-de-cedric-diggory,2,1762,0.11%,4.95
https://lamuchette.fr/products/3-bracelets-d-amitie-dores,2,1682,0.12%,8.97
https://lamuchette.fr/products/boule-de-noel-cadeau-puzzle-carte-du-maraudeur,2,1490,0.13%,21.48
https://lamuchette.fr/products/baguette-du-professeur-filius-flitwick,2,1480,0.14%,8.22
https://lamuchette.fr/products/livre-de-coloriage-poufsouffle,2,1461,0.14%,3.72
https://lamuchette.fr/products/puzzle-en-bois-harry-potter-150-pieces,2,1437,0.14%,11.63
https://lamuchette.fr/products/nn7552,2,1355,0.15%,15.85
https://lamuchette.fr/products/plumes-de-calligraphie,2,1258,0.16%,35.59
https://lamuchette.fr/products/baguette-magique-boite-ollivander-albus-dumbledore,2,1074,0.19%,29.58
https://lamuchette.fr/products/hpbb10,2,1046,0.19%,8.81
https://lamuchette.fr/products/baguette-de-alastor-maugrey-fol-oeil,2,1001,0.2%,28.07
https://lamuchette.fr/products/carnet-souple-durmstrang,2,992,0.2%,7.71
https://lamuchette.fr/pages/conditions-dutilisation,2,921,0.22%,3.74
https://lamuchette.fr/products/decoration-a-suspendre-en-forme-de-dragon-de-feu-et-de-glace,2,896,0.22%,4.24
https://lamuchette.fr/products/chocogrenouilles-carte-de-voeux,2,841,0.24%,23.33
https://lamuchette.fr/products/la-coupe-de-feu-replique,2,827,0.24%,14.21
https://lamuchette.fr/products/retourneur-de-temps-5cm,2,742,0.27%,18.45
https://lamuchette.fr/products/creatures-magiques-troll-des-montagnes,2,726,0.28%,12.91
https://lamuchette.fr/products/fbbb08,2,687,0.29%,10.69
https://lamuchette.fr/collections/noel/livres,2,671,0.3%,9.52
https://lamuchette.fr/collections/tous-les-produits/les-animaux-fantastiques,2,651,0.31%,34.02
https://lamuchette.fr/collections/harry-potter-accessoires-et-maroquinerie/porte-cles,2,623,0.32%,19.84
https://lamuchette.fr/products/harry-potter-et-la-coupe-de-feu-pack-4-figurines-bitty-pop-vinyl-hagrid-2-5-cm,2,621,0.32%,14.34
https://lamuchette.fr/collections/saint-valentin,2,620,0.32%,47.6
https://lamuchette.fr/products/carte-de-voeux-lenticulaire-harry-potter-have-you-seen-this-wizard,2,612,0.33%,7.08
https://lamuchette.fr/collections/figurines/les-animaux-fantastiques,2,590,0.34%,28.22
https://lamuchette.fr/products/baguette-de-molly-weasley,2,582,0.34%,7.96
https://lamuchette.fr/products/puzzle-carte-de-la-terre-du-milieu,2,567,0.35%,19.4
https://lamuchette.fr/products/verre-a-pied-embleme-de-poudlard,2,561,0.36%,10.05
https://lamuchette.fr/products/porte-cles-retourneur-de-temps,2,547,0.37%,13.66
https://lamuchette.fr/products/banniere-etendard-serdaigle,2,539,0.37%,8.17
https://lamuchette.fr/products/jde-bdg-ldr2,2,538,0.37%,19.11
https://lamuchette.fr/products/fbcard04,2,525,0.38%,16.53
https://lamuchette.fr/products/coffret-magique-destination-poudlard,2,505,0.4%,12.62
https://lamuchette.fr/collections/artisanat-et-curiosites-accessoires-et-maroquinerie/sacs-et-pochettes,2,495,0.4%,23.7
https://lamuchette.fr/collections/vetements-cravates/poufsouffle,2,494,0.4%,8.28
https://lamuchette.fr/products/trousse-serpentard,2,484,0.41%,10.41
https://lamuchette.fr/products/les-contes-de-beedle-le-barde-2,2,464,0.43%,32.32
https://lamuchette.fr/products/lot-de-20-cartes-postales-the-weasleys-wizard-wheezes-series,2,448,0.45%,11.14
https://lamuchette.fr/collections/harry-potter-papeterie-1/marque-pages,2,448,0.45%,14.54
https://lamuchette.fr/products/j02028,2,435,0.46%,18
https://lamuchette.fr/products/marque-page-patronus-ginny-boudchou,2,433,0.46%,7.55
https://lamuchette.fr/products/figurines-gomee-cedric-diggory-coupe-des-trois-sorciers,2,431,0.46%,10.72
https://lamuchette.fr/products/boule-de-noel-gnome,2,428,0.47%,7.17
https://lamuchette.fr/collections/harry-potter-vetements-1/chaussettes,2,427,0.47%,16.73
https://lamuchette.fr/products/dent-de-basilic-et-journal-de-tom-jedusor,2,426,0.47%,15.94
https://lamuchette.fr/products/cadre-photo-poudlard-10x15cm,2,423,0.47%,16.57
https://lamuchette.fr/products/bieraubeurre-sans-alcool,2,422,0.47%,11.67
https://lamuchette.fr/products/robe-de-sorcier-enfants-gryffondor,2,422,0.47%,18.74
https://lamuchette.fr/products/peluche-mascotte-serdaigle,2,412,0.49%,31.73
https://lamuchette.fr/collections/harry-potter-jeux-et-puzzles-1/jeux,2,411,0.49%,35.71
https://lamuchette.fr/products/baguette-de-seamus-finnigan,2,386,0.52%,7.4
https://lamuchette.fr/products/livre-de-coloriage-creatures-magiques,2,381,0.52%,10.49
https://lamuchette.fr/products/potion-sombral,2,375,0.53%,26.1
https://lamuchette.fr/products/cr5056,2,370,0.54%,12.19
https://lamuchette.fr/products/carte-danniversaire-pailletee-lune-et-constellations,2,356,0.56%,11.94
https://lamuchette.fr/products/harry-potter-destination-serpentard,2,334,0.6%,13.49
https://lamuchette.fr/products/efbcb0028,2,322,0.62%,6.42
https://lamuchette.fr/products/harry-potter-et-lordre-du-phenix-gryffondoor,2,305,0.66%,11.86
https://lamuchette.fr/products/pieces-des-gobelins-de-gringotts,2,304,0.66%,19.56
https://lamuchette.fr/products/cf1470,2,303,0.66%,26.09
https://lamuchette.fr/products/le-livre-des-stickers-de-poudlard-1000-autocollants,2,295,0.68%,11.85
https://lamuchette.fr/products/hppc03,2,290,0.69%,7.7
https://lamuchette.fr/products/carte-gryffondor-gaelle-levalet,2,281,0.71%,9.56
https://lamuchette.fr/products/mug-hibou-vol-de-nuit,2,281,0.71%,13.73
https://lamuchette.fr/collections/harry-potter-peluches/les-animaux-fantastiques,2,281,0.71%,18.52
https://lamuchette.fr/products/cadre-chouette-40cm-maman-et-son-bebe,2,276,0.72%,5.63
https://lamuchette.fr/products/la-magie-du-tricot-tome-2,2,274,0.73%,14.11
https://lamuchette.fr/products/mug-dobby-kawaii,2,265,0.75%,7.73
https://lamuchette.fr/products/ekh000235,2,265,0.75%,21.34
https://lamuchette.fr/products/carte-2-volets-tapisserie-famille-black,2,250,0.8%,7.95
https://lamuchette.fr/products/hppc17,2,242,0.83%,22.87
https://lamuchette.fr/products/ehpcb0395,2,227,0.88%,8.26
https://lamuchette.fr/collections/minalima/harry-potter,2,220,0.91%,11.16
https://lamuchette.fr/products/le-grand-livre-dactivites-de-poudlard,2,217,0.92%,14.94
https://lamuchette.fr/products/marque-page-vitrail-porte-de-hobbit,2,209,0.96%,4.8
https://lamuchette.fr/products/2430000019982,2,208,0.96%,6.65
https://lamuchette.fr/products/puzzle-couverture-du-magazine-le-chicaneur,2,208,0.96%,18.94
https://lamuchette.fr/products/porte-cles-peluche-harry-potter-coupe-de-feu,2,206,0.97%,10.37
https://lamuchette.fr/products/lot-3-paires-de-chaussettes-serdaigle,2,204,0.98%,7.08
https://lamuchette.fr/products/harry-potter-et-les-reliques-de-la-mort-serdaigle,2,193,1.04%,11.97
https://lamuchette.fr/products/crane-de-sombral,2,191,1.05%,27.62
https://lamuchette.fr/products/marque-page-patronus-hermione-boudchou,2,190,1.05%,8.41
https://lamuchette.fr/products/puzzle-multidimensionnel-poudlard-1000-pieces,2,190,1.05%,23.05
https://lamuchette.fr/products/sac-a-lunch-serpentard,2,188,1.06%,13.39
https://lamuchette.fr/collections/baguettes-magiques/serdaigle,2,186,1.08%,20.14
https://lamuchette.fr/collections/forces-des-tenebres,2,184,1.09%,25.59
https://lamuchette.fr/collections/artisanat-et-curiosites/100-et-plus,2,182,1.1%,4.74
https://lamuchette.fr/products/porte-cles-peluche-hedwige,2,176,1.14%,8.68
https://lamuchette.fr/products/harry-potter-et-la-coupe-de-feu-pack-4-figurines-bitty-pop-vinyl-ron-2-5-cm,2,161,1.24%,16.55
https://lamuchette.fr/products/lot-de-4-sets-de-table-famille-black,2,160,1.25%,50.64
https://lamuchette.fr/products/bougie-fantome-non-parfumee-de-10-cm,2,153,1.31%,12.41
https://lamuchette.fr/products/carte-de-voeux-lenticulaire-the-daily-prophet-boy-who-lived,2,143,1.4%,7.67
https://lamuchette.fr/products/grand-dragon-articule-fleurs-de-cerisier,2,142,1.41%,6.14
https://lamuchette.fr/products/decoration-sapin-vif-dor,2,129,1.55%,10.39
https://lamuchette.fr/products/marque-page-maison-de-sorciere,2,128,1.56%,6.05
https://lamuchette.fr/products/boucle-et-bague-doreille-hedwige,2,121,1.65%,7.41
https://lamuchette.fr/products/ewnx0022,2,119,1.68%,5.87
https://lamuchette.fr/products/boucles-d-oreilles-armoirie-de-serpentard,2,118,1.69%,4.14
https://lamuchette.fr/products/suspension-aile-de-fee,2,118,1.69%,15.75
https://lamuchette.fr/collections/vetements/robes-de-sorciers?page=2,2,115,1.74%,16.3
https://lamuchette.fr/collections/artisanat-et-curiosites-cuisine,2,112,1.79%,7.02
https://lamuchette.fr/products/bague-vif-dor-en-acier-inoxydable,2,109,1.83%,11.39
https://lamuchette.fr/products/harry-potter-always-themed-22oz-630ml,2,107,1.87%,11.76
https://lamuchette.fr/products/lot-3-paires-de-chaussettes-luna-lovegood,2,99,2.02%,7.02
https://lamuchette.fr/products/bougie-a-la-citrouille,2,99,2.02%,19.12
https://lamuchette.fr/products/grand-carillon-abeille-et-fleurs,2,96,2.08%,8.07
https://lamuchette.fr/products/pins-prefet-serdaigle,2,96,2.08%,9.85
https://lamuchette.fr/collections/artisanat-et-curiosites-accessoires-et-maroquinerie,2,92,2.17%,9.85
https://lamuchette.fr/products/chaussette-de-noel-yule-ball-gryffondor,2,92,2.17%,12.41
https://lamuchette.fr/collections/minalima/posters,2,89,2.25%,7.33
https://lamuchette.fr/collections/artisanat-et-curiosites-papeterie,2,89,2.25%,12.28
https://lamuchette.fr/products/porte-cls-peluche-viktor-krum,2,86,2.33%,5.98
https://lamuchette.fr/products/tapis-de-bureau-carte-terre-du-milieu,2,86,2.33%,20.65
https://lamuchette.fr/collections/artisanat-et-curiosites-papeterie/carnets,2,83,2.41%,8.18
https://lamuchette.fr/products/serre-livres-reliques-de-la-mort,2,82,2.44%,11.99
https://lamuchette.fr/products/mini-puzzle-en-bouteille-150-pices,2,82,2.44%,12.16
https://lamuchette.fr/products/art-print-ministere-de-la-magie,2,80,2.5%,12.8
https://lamuchette.fr/products/bougie-chope-de-biere-au-beurre,2,75,2.67%,16.09
https://lamuchette.fr/products/seigneur-des-anneaux-set-de-cartes-postales-1,2,71,2.82%,16.7
https://lamuchette.fr/products/map4006b,2,70,2.86%,7.14
https://lamuchette.fr/products/pull-harry-potter-lettre-h-weasley-lochaven,2,65,3.08%,7.03
https://lamuchette.fr/products/marque-page-vitrail-renard,2,63,3.17%,4.48
https://lamuchette.fr/products/coffret-anniversaire-pierre-philosophale-et-baguettes,2,62,3.23%,7.74
https://lamuchette.fr/products/accessoires-pour-cheveux-gryffondor-classique-set-de-2,2,62,3.23%,9.29
https://lamuchette.fr/collections/harry-potter-baguettes-magiques,2,61,3.28%,17.49
https://lamuchette.fr/products/badge-pin-s-potion-polynectar,2,61,3.28%,32.66
https://lamuchette.fr/products/livre-des-monstres-toyllectible-pufflums,2,59,3.39%,16.22
https://lamuchette.fr/collections/harry-potter-decorations/objets-décos,2,58,3.45%,20.33
https://lamuchette.fr/products/crayon-a-papier-poufsouffle,2,54,3.7%,6.39
https://lamuchette.fr/collections/univers-enchante-et-artisanat/40-60,2,54,3.7%,8.81
https://lamuchette.fr/products/tote-bag-reliques-de-la-mort,2,54,3.7%,18.33
https://lamuchette.fr/products/mug-320-ml-harry-drago,2,52,3.85%,12.19
https://lamuchette.fr/products/carte-gollum-you-are-my-precious,2,49,4.08%,6.18
https://lamuchette.fr/products/boite-a-cookies-honeydukes,2,49,4.08%,8.14
https://lamuchette.fr/products/brule-parfum-citrouille-magic-is-in-you,2,45,4.44%,5.93
https://lamuchette.fr/products/plaque-suspendue-i-solemnly-swear,2,40,5%,9.28
https://lamuchette.fr/products/pins-dobby-lelfe-de-maison,2,40,5%,19.55
https://lamuchette.fr/products/livre-harry-potter-coupe-de-feu-edition-illustree-interactive?variant=52600155898189&country=FR&currency=EUR&utm_medium=product_sync&utm_source=google&utm_content=sag_organic&utm_campaign=sag_organic,2,39,5.13%,5.56
https://lamuchette.fr/products/magnet-puzzle-boutique-de-magie-1,2,39,5.13%,17.59
https://lamuchette.fr/products/diademe-de-rowena-serdaigle?variant=43322121552086&country=FR&currency=EUR&utm_medium=product_sync&utm_source=google&utm_content=sag_organic&utm_campaign=sag_organic,2,36,5.56%,2
https://lamuchette.fr/products/collier-chocogrenouille,2,36,5.56%,5
https://lamuchette.fr/products/carte-postale-jane-austen,2,34,5.88%,9.41
https://lamuchette.fr/products/porte-cles-chemin-de-traverse,2,33,6.06%,14.64
https://lamuchette.fr/products/tote-bag-plateforme-9-3-4,2,29,6.9%,4.83
https://lamuchette.fr/products/poster-de-porte-grosse-dame,2,28,7.14%,10.57
https://lamuchette.fr/products/bruleur-a-huile-sapin-rose-2?variant=50239217664333&country=FR&currency=EUR&utm_medium=product_sync&utm_source=google&utm_content=sag_organic&utm_campaign=sag_organic,2,27,7.41%,6.3
https://lamuchette.fr/products/banniere-des-4-maisons,2,24,8.33%,8.21
https://lamuchette.fr/products/pack-2-pins-evenstar-galadriels-phial,2,23,8.7%,7.91
https://lamuchette.fr/products/le-guide-la-magie-a-poudlard-sortileges?variant=50407325925709&country=FR&currency=EUR&utm_medium=product_sync&utm_source=google&utm_content=sag_organic&utm_campaign=sag_organic,2,21,9.52%,3.9
https://lamuchette.fr/products/tote-bag-butterbeer,2,20,10%,4.9
https://lamuchette.fr/products/sticker-vitrail-dragon,2,19,10.53%,6.63
https://lamuchette.fr/products/porte-cles-bieraubeurre,2,19,10.53%,8.42
https://lamuchette.fr/products/pull-r-pour-ron?variant=50855556088141&country=FR&currency=EUR&utm_medium=product_sync&utm_source=google&utm_content=sag_organic&utm_campaign=sag_organic,2,18,11.11%,3.28
https://lamuchette.fr/products/plaque-en-aluminium-famille-black,2,17,11.76%,6.65
https://lamuchette.fr/products/bague-de-gaunt-horcruxe?variant=43322026328278&country=FR&currency=EUR&utm_medium=product_sync&utm_source=google&utm_content=sag_organic&utm_campaign=sag_organic,2,15,13.33%,3.07
https://lamuchette.fr/products/montre-serpentard?variant=43529736618198&country=FR&currency=EUR&utm_medium=product_sync&utm_source=google&utm_content=sag_organic&utm_campaign=sag_organic,2,15,13.33%,3.73
https://lamuchette.fr/products/bonbonniere-chocogrenouille?variant=46956852183373&country=FR&currency=EUR&utm_medium=product_sync&utm_source=google&utm_content=sag_organic&utm_campaign=sag_organic,2,15,13.33%,4.2
https://lamuchette.fr/collections/soldes/artisanat-et-curiosites,2,15,13.33%,10.6
https://lamuchette.fr/collections/harry-potter-decorations/Plaids-et-coussins,2,15,13.33%,15.6
https://lamuchette.fr/products/lot-de-4-assiettes-et-4-anneaux-ronds-de-serviettes-seigneur-des-anneaux?variant=52139609686349&country=FR&currency=EUR&utm_medium=product_sync&utm_source=google&utm_content=sag_organic&utm_campaign=sag_organic,2,14,14.29%,2.43
https://lamuchette.fr/products/canne-baguette-lucius-malefoy?variant=43322067550422&country=FR&currency=EUR&utm_medium=product_sync&utm_source=google&utm_content=sag_organic&utm_campaign=sag_organic,2,14,14.29%,2.93
https://lamuchette.fr/collections/papeterie/seigneur-des-anneaux,2,14,14.29%,8.14
https://lamuchette.fr/products/pull-de-quidditch-serpentard?variant=47475702464845&country=FR&currency=EUR&utm_medium=product_sync&utm_source=google&utm_content=sag_organic&utm_campaign=sag_organic,2,13,15.38%,2
https://lamuchette.fr/products/harry-potter-et-la-chambre-des-secrets-poche?variant=46901959524685&country=FR&currency=EUR&utm_medium=product_sync&utm_source=google&utm_content=sag_organic&utm_campaign=sag_organic,2,13,15.38%,5.77
https://lamuchette.fr/products/boule-de-cristal-violette-et-support?variant=50942765793613&country=FR&currency=EUR&utm_medium=product_sync&utm_source=google&utm_content=sag_organic&utm_campaign=sag_organic,2,12,16.67%,2.92
https://lamuchette.fr/products/tasse-grenouille-et-soucoupe-nenuphar?variant=49709387383117&country=FR&currency=EUR&utm_medium=product_sync&utm_source=google&utm_content=sag_organic&utm_campaign=sag_organic,2,12,16.67%,3.58
https://lamuchette.fr/products/poudlard-grande-salle-puzzle-3d-wrebbit?variant=43322300465366&country=FR&currency=EUR&utm_medium=product_sync&utm_source=google&utm_content=sag_organic&utm_campaign=sag_organic,2,12,16.67%,3.75
https://lamuchette.fr/products/ouvre-lettres-epee-de-gryffondor?variant=46632164622669&country=FR&currency=EUR&utm_medium=product_sync&utm_source=google&utm_content=sag_organic&utm_campaign=sag_organic,2,12,16.67%,4.25
https://lamuchette.fr/products/coffret-magique-destination-poudlard?variant=47473530405197&country=FR&currency=EUR&utm_medium=product_sync&utm_source=google&utm_content=sag_organic&utm_campaign=sag_organic,2,12,16.67%,4.67
https://lamuchette.fr/products/nn8088,2,12,16.67%,6.92
https://lamuchette.fr/products/harry-potter-et-la-coupe-de-feu-poufsouffle?variant=43322134757590&country=FR&currency=EUR&utm_medium=product_sync&utm_source=google&utm_content=sag_organic&utm_campaign=sag_organic,2,12,16.67%,18.5
https://lamuchette.fr/products/medaillon-de-salazar-serpentard-horcruxe?variant=43322174767318&country=FR&currency=EUR&utm_medium=product_sync&utm_source=google&utm_content=sag_organic&utm_campaign=sag_organic,2,11,18.18%,2
https://lamuchette.fr/products/mug-hibou-irise?variant=50942688952653&country=FR&currency=EUR&utm_medium=product_sync&utm_source=google&utm_content=sag_organic&utm_campaign=sag_organic,2,11,18.18%,2.82
https://lamuchette.fr/products/harry-potter-et-les-reliques-de-la-mort-poufsouffle?variant=48040449605965&country=FR&currency=EUR&utm_medium=product_sync&utm_source=google&utm_content=sag_organic&utm_campaign=sag_organic,2,11,18.18%,4.55
https://lamuchette.fr/products/sticker-enemies-to-lovers,2,10,20%,3.6
https://lamuchette.fr/products/pull-h-pour-harry?variant=50855595409741&country=FR&currency=EUR&utm_medium=product_sync&utm_source=google&utm_content=sag_organic&utm_campaign=sag_organic,2,10,20%,7.5
https://lamuchette.fr/products/anneau-unique-replique-seigneur-des-anneaux?variant=43322019446998&country=FR&currency=EUR&utm_medium=product_sync&utm_source=google&utm_content=sag_organic&utm_campaign=sag_organic,2,9,22.22%,6.44
https://lamuchette.fr/products/pochette-orgueil-et-prejuges,2,8,25%,5.38
https://lamuchette.fr/products/harry-potter-a-lecole-des-sorciers-i-poufsouffle?variant=43322132824278&country=FR&currency=EUR&utm_medium=product_sync&utm_source=google&utm_content=sag_organic&utm_campaign=sag_organic,2,8,25%,5.88
https://lamuchette.fr/products/potion-cheminette-orpiment,2,8,25%,8.62
https://lamuchette.fr/products/lutin-de-cornouailles-articule-animaux-fantastiques?variant=43322165788886&country=FR&currency=EUR&utm_medium=product_sync&utm_source=google&utm_content=sag_organic&utm_campaign=sag_organic,2,7,28.57%,1.86
https://lamuchette.fr/products/pull-r-pour-ron?variant=50855556153677&country=FR&currency=EUR&utm_medium=product_sync&utm_source=google&utm_content=sag_organic&utm_campaign=sag_organic,2,7,28.57%,2
https://lamuchette.fr/products/baguette-de-james-potter?variant=43322031440086&country=FR&currency=EUR&utm_medium=product_sync&utm_source=google&utm_content=sag_organic&utm_campaign=sag_organic,2,7,28.57%,2.43
https://lamuchette.fr/products/baguette-magique-boite-ollivander-drago-malefoy?variant=43322042941654&country=FR&currency=EUR&utm_medium=product_sync&utm_source=google&utm_content=sag_organic&utm_campaign=sag_organic,2,7,28.57%,3.14
https://lamuchette.fr/products/baguette-magique-boite-ollivander-norbert-dragonneau?variant=43322044252374&country=FR&currency=EUR&utm_medium=product_sync&utm_source=google&utm_content=sag_organic&utm_campaign=sag_organic,2,7,28.57%,3.14
https://lamuchette.fr/products/carte-de-poudlard-carte-de-voeux?variant=43322084557014&country=FR&currency=EUR&utm_medium=product_sync&utm_source=google&utm_content=sag_organic&utm_campaign=sag_organic,2,7,28.57%,3.86
https://lamuchette.fr/products/pull-ron-weasley-harry-potter-lochaven-ecosse?variant=50855556219213&country=FR&currency=EUR&utm_medium=product_sync&utm_source=google&utm_content=sag_organic&utm_campaign=sag_organic,2,7,28.57%,4.14
https://lamuchette.fr/products/porte-cles-libellule?variant=50942672634189&country=FR&currency=EUR&utm_medium=product_sync&utm_source=google&utm_content=sag_organic&utm_campaign=sag_organic,2,7,28.57%,4.57
https://lamuchette.fr/products/pull-harry-potter-lettre-h-weasley-lochaven?variant=50855595278669&country=FR&currency=EUR&utm_medium=product_sync&utm_source=google&utm_content=sag_organic&utm_campaign=sag_organic,2,7,28.57%,5.14
https://lamuchette.fr/collections/tous-les-produits/cartes,2,7,28.57%,5.57
https://lamuchette.fr/products/porte-passeport-ministere-de-la-magie?variant=52166690668877&country=FR&currency=EUR&utm_medium=product_sync&utm_source=google&utm_content=sag_organic&utm_campaign=sag_organic,2,7,28.57%,6
https://lamuchette.fr/products/peluche-lutin-de-cornouailles?variant=43322233192662&country=FR&currency=EUR&utm_medium=product_sync&utm_source=google&utm_content=sag_organic&utm_campaign=sag_organic,2,6,33.33%,1.83
https://lamuchette.fr/products/plumes-de-calligraphie?variant=51659553014093&country=FR&currency=EUR&utm_medium=product_sync&utm_source=google&utm_content=sag_organic&utm_campaign=sag_organic,2,6,33.33%,2.33
https://lamuchette.fr/products/sirop-magique-a-la-bieraubeurre?variant=50175628771661&country=FR&currency=EUR&utm_medium=product_sync&utm_source=google&utm_content=sag_organic&utm_campaign=sag_organic&gQT=1,2,6,33.33%,2.5
https://lamuchette.fr/products/stylos-dragons?variant=51415842488653&country=FR&currency=EUR&utm_medium=product_sync&utm_source=google&utm_content=sag_organic&utm_campaign=sag_organic,2,6,33.33%,2.83
https://lamuchette.fr/collections/nouveautes/marque-pages,2,6,33.33%,4
https://lamuchette.fr/products/tasse-grenouille-et-soucoupe-nenuphar?variant=49709387383117&country=FR&currency=EUR&utm_medium=product_sync&utm_source=google&utm_content=sag_organic&utm_campaign=sag_organic&gQT=1,2,6,33.33%,4.33
https://lamuchette.fr/products/decoration-de-noel-theiere-faience?variant=51606063513933&country=FR&currency=EUR&utm_medium=product_sync&utm_source=google&utm_content=sag_organic&utm_campaign=sag_organic,2,6,33.33%,5.33
https://lamuchette.fr/products/tasse-faience-renard?variant=51606091333965&country=FR&currency=EUR&utm_medium=product_sync&utm_source=google&utm_content=sag_organic&utm_campaign=sag_organic,2,6,33.33%,7.5
https://lamuchette.fr/products/baguette-magique-boite-ollivander-ginny-weasley?variant=48320804684109&country=FR&currency=EUR&utm_medium=product_sync&utm_source=google&utm_content=sag_organic&utm_campaign=sag_organic,2,5,40%,1.8
https://lamuchette.fr/products/echarpe-en-laine-poufsouffle-lochaven?variant=50632697053517&country=FR&currency=EUR&utm_medium=product_sync&utm_source=google&utm_content=sag_organic&utm_campaign=sag_organic,2,5,40%,4.4
https://lamuchette.fr/products/jelly-belly-harry-potter-bonbons-10-parfums?variant=43760874488022&country=FR&currency=EUR&utm_medium=product_sync&utm_source=google&utm_content=sag_organic&utm_campaign=sag_organic,2,5,40%,4.6
https://lamuchette.fr/products/book-nook-dragon-20cm?variant=51755703009613&country=FR&currency=EUR&utm_medium=product_sync&utm_source=google&utm_content=sag_organic&utm_campaign=sag_organic,2,5,40%,4.8
https://lamuchette.fr/products/book-nook-terrain-de-quidditch-23-cm?variant=51801499763021&country=FR&currency=EUR&utm_medium=product_sync&utm_source=google&utm_content=sag_organic&utm_campaign=sag_organic&gQT=2,2,5,40%,7.4
https://lamuchette.fr/collections/botanique-et-soins-aux-creatures-magiques/porte-cles,2,5,40%,10.6
https://lamuchette.fr/products/creatures-magiques-croutard?variant=43322113458390&country=FR&currency=EUR&utm_medium=product_sync&utm_source=google&utm_content=sag_organic&utm_campaign=sag_organic,2,4,50%,2.25
https://lamuchette.fr/products/chaussette-de-noel-yule-ball-gryffondor?variant=50500531159373&country=FR&currency=EUR&utm_medium=product_sync&utm_source=google&utm_content=sag_organic&utm_campaign=sag_organic,2,4,50%,5
https://lamuchette.fr/products/chaussette-de-noel-yule-ball-serpentard?variant=50500582768973&country=FR&currency=EUR&utm_medium=product_sync&utm_source=google&utm_content=sag_organic&utm_campaign=sag_organic,2,4,50%,6
https://lamuchette.fr/products/attrape-soleil-vitrail-cerf-de-terrasen?variant=52642795815245&country=FR&currency=EUR&utm_medium=product_sync&utm_source=google&utm_content=sag_organic&utm_campaign=sag_organic,2,4,50%,11.25
https://lamuchette.fr/products/la-coupe-de-helga-poufsouffle?variant=43322152354006&country=FR&currency=EUR&utm_medium=product_sync&utm_source=google&utm_content=sag_organic&utm_campaign=sag_organic,2,4,50%,14.75
https://lamuchette.fr/products/mini-booknook-magnet-bibliotheque-magique?variant=53714299224397&country=FR&currency=EUR&utm_medium=product_sync&utm_source=google&utm_content=sag_organic&utm_campaign=sag_organic,2,3,66.67%,1
https://lamuchette.fr/products/mug-livre-coffee-books?variant=53759321571661&country=FR&currency=EUR&utm_medium=product_sync&utm_source=google&utm_content=sag_organic&utm_campaign=sag_organic,2,3,66.67%,1
https://lamuchette.fr/products/mini-booknook-magnet-bibliotheque-magique?variant=53714299224397&country=DE&currency=EUR&utm_medium=product_sync&utm_source=google&utm_content=sag_organic&utm_campaign=sag_organic,2,3,66.67%,1.33
https://lamuchette.fr/products/grand-dragon-articule?variant=52065635598669&country=FR&currency=EUR&utm_medium=product_sync&utm_source=google&utm_content=sag_organic&utm_campaign=sag_organic&gQT=0,2,3,66.67%,1.67
https://lamuchette.fr/products/mug-chauve-souris?variant=52171689754957&country=FR&currency=EUR&utm_medium=product_sync&utm_source=google&utm_content=sag_organic&utm_campaign=sag_organic,2,3,66.67%,1.67
https://lamuchette.fr/products/collier-ciseaux-little-women?variant=51606431498573&country=FR&currency=EUR&utm_medium=product_sync&utm_source=google&utm_content=sag_organic&utm_campaign=sag_organic,2,3,66.67%,2
https://lamuchette.fr/products/marque-page-vitrail-chevalier-et-son-bouquet?variant=53252440457549&country=FR&currency=EUR&utm_medium=product_sync&utm_source=google&utm_content=sag_organic&utm_campaign=sag_organic,2,3,66.67%,2
https://lamuchette.fr/products/baguette-albus-dumbledore-boite-ollivander?variant=43322042319062&country=FR&currency=EUR&utm_medium=product_sync&utm_source=google&utm_content=sag_organic&utm_campaign=sag_organic,2,3,66.67%,3.33
https://lamuchette.fr/products/bruleur-a-huile-rennes?variant=50236074918221&country=FR&currency=EUR&utm_medium=product_sync&utm_source=google&utm_content=sag_organic&utm_campaign=sag_organic,2,3,66.67%,3.33
https://lamuchette.fr/products/marque-page-dore-chat?variant=51598640742733&country=FR&currency=EUR&utm_medium=product_sync&utm_source=google&utm_content=sag_organic&utm_campaign=sag_organic,2,3,66.67%,3.33
https://lamuchette.fr/collections/maison-et-accessoires-sacs-et-porte-monnaies,2,3,66.67%,4
https://lamuchette.fr/products/echarpe-poudlard-lochaven?variant=50834322293069&country=FR&currency=EUR&utm_medium=product_sync&utm_source=google&utm_content=sag_organic&utm_campaign=sag_organic,2,3,66.67%,4
https://lamuchette.fr/products/porte-cles-peluche-chocogrenouille?variant=49784948031821&country=FR&currency=EUR&utm_medium=product_sync&utm_source=google&utm_content=sag_organic&utm_campaign=sag_organic,2,3,66.67%,4
https://lamuchette.fr/products/chocogrenouilles-carte-de-voeux?variant=43322095894742&country=FR&currency=EUR&utm_medium=product_sync&utm_source=google&utm_content=sag_organic&utm_campaign=sag_organic,2,3,66.67%,4.33
https://lamuchette.fr/products/collier-loupe-sherlock-holmes?variant=51606443524429&country=FR&currency=EUR&utm_medium=product_sync&utm_source=google&utm_content=sag_organic&utm_campaign=sag_organic,2,3,66.67%,4.33
https://lamuchette.fr/products/set-de-2-tasses-fleurs-et-vichy?variant=51620173087053&country=FR&currency=EUR&utm_medium=product_sync&utm_source=google&utm_content=sag_organic&utm_campaign=sag_organic,2,3,66.67%,5.67
https://lamuchette.fr/products/plaid-fluffy-fantome-fleurs-et-citrouilles?variant=52426776707405&country=FR&currency=EUR&utm_medium=product_sync&utm_source=google&utm_content=sag_organic&utm_campaign=sag_organic,2,3,66.67%,7.33
https://lamuchette.fr/products/attrape-soleil-vitrail-poudlard?variant=52301206683981&country=FR&currency=EUR&utm_medium=product_sync&utm_source=google&utm_content=sag_organic&utm_campaign=sag_organic,2,3,66.67%,8
https://lamuchette.fr/products/porte-cles-peluche-hedwige?variant=49785548112205&country=FR&currency=EUR&utm_medium=product_sync&utm_source=google&utm_content=sag_organic&utm_campaign=sag_organic,2,3,66.67%,10
https://lamuchette.fr/products/poudlard-le-carnet-magique?variant=43322300596438&country=FR&currency=EUR&utm_medium=product_sync&utm_source=google&utm_content=sag_organic&utm_campaign=sag_organic,2,3,66.67%,11
https://lamuchette.fr/products/attrape-soleil-lune-et-pierres?variant=47526668992845&country=FR&currency=EUR&utm_medium=product_sync&utm_source=google&utm_content=sag_organic&utm_campaign=sag_organic,2,3,66.67%,16.33
https://lamuchette.fr/collections/artisanat-et-curiosites-decorations-bougies?page=2,2,3,66.67%,16.67
https://lamuchette.fr/products/cadre-ron-weasley-dynastie?variant=49091068723533&country=FR&currency=EUR&utm_medium=product_sync&utm_source=google&utm_content=sag_organic&utm_campaign=sag_organic,2,2,100%,1
https://lamuchette.fr/products/puzzle-les-enseignes-du-chemin-de-traverse?variant=43322310820054&country=FR&currency=EUR&utm_medium=product_sync&utm_source=google&utm_content=sag_organic&utm_campaign=sag_organic,2,2,100%,1
https://lamuchette.fr/products/decoration-de-sapin-hedwige?variant=50280225145165&country=FR&currency=EUR&utm_medium=product_sync&utm_source=google&utm_content=sag_organic&utm_campaign=sag_organic,2,2,100%,1.5
https://lamuchette.fr/products/pins-weasley-weasley?variant=51595567857997&country=FR&currency=EUR&utm_medium=product_sync&utm_source=google&utm_content=sag_organic&utm_campaign=sag_organic,2,2,100%,1.5
https://lamuchette.fr/products/cadre-photo-10x15cm-marguerite?variant=51784159134029&country=BE&currency=EUR&utm_medium=product_sync&utm_source=google&utm_content=sag_organic&utm_campaign=sag_organic,2,2,100%,2
https://lamuchette.fr/products/coussin-en-velours-citrouilles?variant=52428517474637&country=FR&currency=EUR&utm_medium=product_sync&utm_source=google&utm_content=sag_organic&utm_campaign=sag_organic,2,2,100%,2
https://lamuchette.fr/products/collier-eclair?variant=43322100613334&country=FR&currency=EUR&utm_medium=product_sync&utm_source=google&utm_content=sag_organic&utm_campaign=sag_organic,2,2,100%,3
https://lamuchette.fr/products/harry-potter-et-le-prisonnier-dazkaban-gryffondor?variant=43322135183574&country=FR&currency=EUR&utm_medium=product_sync&utm_source=google&utm_content=sag_organic&utm_campaign=sag_organic,2,2,100%,4.5
https://lamuchette.fr/products/poudlard-map-poster?variant=43322300760278&country=DE&currency=EUR&utm_medium=product_sync&utm_source=google&utm_content=sag_organic&utm_campaign=sag_organic,2,2,100%,5.5
https://lamuchette.fr/products/set-de-papeterie-lettre-de-poudlard?variant=52500402929997&country=FR&currency=EUR&utm_medium=product_sync&utm_source=google&utm_content=sag_organic&utm_campaign=sag_organic,2,2,100%,6.5
https://lamuchette.fr/products/hppc01?variant=47191388881229&country=FR&currency=EUR&utm_medium=product_sync&utm_source=google&utm_content=sag_organic&utm_campaign=sag_organic&gQT=1,2,2,100%,11.5
https://lamuchette.fr/collections/serdaigle,1,3596,0.03%,10.31
https://lamuchette.fr/products/premiere-baguette-magique-hermione-granger-boite-ollivander,1,1796,0.06%,32.11
https://lamuchette.fr/products/hpbb09,1,1577,0.06%,8.03
https://lamuchette.fr/collections/papeterie,1,1511,0.07%,12.61
https://lamuchette.fr/products/carte-luna-lovegood,1,1192,0.08%,9.32
https://lamuchette.fr/products/guide-cinema-7-norbert-dragonneau,1,1152,0.09%,12.47
https://lamuchette.fr/products/dague-de-bellatrix-lestrange,1,1093,0.09%,11.86
https://lamuchette.fr/products/baguette-de-katie-bell,1,1082,0.09%,9.71
https://lamuchette.fr/products/nn7267,1,1082,0.09%,24.4
https://lamuchette.fr/products/hppc11,1,1074,0.09%,4.6
https://lamuchette.fr/products/peluche-balais-nimbus-2000,1,1071,0.09%,35.79
https://lamuchette.fr/products/panneau-metal-le-chaudron-baveur,1,1056,0.09%,10.95
https://lamuchette.fr/products/le-guide-la-magie-a-poudlard-sortileges,1,1039,0.1%,12.63
https://lamuchette.fr/products/figurines-gomee-dobby-l-elfe-de-maison,1,962,0.1%,19.45
https://lamuchette.fr/collections/harry-potter-cuisine/bouteilles-et-thermos,1,936,0.11%,10.81
https://lamuchette.fr/products/harry-potter-noel-a-poudlard-le-carnet-magique,1,910,0.11%,13.58
https://lamuchette.fr/products/baguette-de-mangemort-crane,1,909,0.11%,7.12
https://lamuchette.fr/products/robe-de-sorcier-poufsouffle,1,851,0.12%,11.39
https://lamuchette.fr/products/j01143,1,837,0.12%,14.93
https://lamuchette.fr/products/hpbb16,1,832,0.12%,7.85
https://lamuchette.fr/collections/harry-potter-accessoires-et-maroquinerie/porte-clés,1,815,0.12%,16.87
https://lamuchette.fr/products/40-stickers-harry-potter-kawaii,1,805,0.12%,31.14
https://lamuchette.fr/products/livre-de-coloriage-poudlard,1,755,0.13%,11.77
https://lamuchette.fr/products/jeu-de-cartes-harry-potter-version-verte,1,728,0.14%,13.83
https://lamuchette.fr/products/plaque-3d-marque-des-tenebres-morsmordre,1,699,0.14%,11.88
https://lamuchette.fr/products/hpbb13,1,694,0.14%,12.67
https://lamuchette.fr/products/hppc07,1,692,0.14%,15.51
https://lamuchette.fr/products/boite-dartefacts-harry-potter,1,683,0.15%,9.08
https://lamuchette.fr/products/baguette-de-percy-weasley,1,682,0.15%,8.69
https://lamuchette.fr/products/creatures-magiques-oiseau-tonnerre,1,677,0.15%,10.6
https://lamuchette.fr/products/baguette-magique-boite-ollivander-severus-rogue,1,676,0.15%,22.58
https://lamuchette.fr/collections/figurines-autres/seigneur-des-anneaux,1,668,0.15%,27.45
https://lamuchette.fr/products/set-10-bougies-anniversaire-kawaii,1,659,0.15%,13.98
https://lamuchette.fr/products/baguette-de-madame-pomfresh,1,651,0.15%,7.47
https://lamuchette.fr/products/harry-potter-et-la-coupe-de-feu-ledition-illustree-interactive,1,624,0.16%,11.66
https://lamuchette.fr/products/tote-bag-lettre-d-admission-a-poudlard,1,601,0.17%,15.49
https://lamuchette.fr/products/baguette-magique-boite-ollivander-albus-dumbledore-2,1,591,0.17%,23.43
https://lamuchette.fr/products/porte-cles-poney-fringant,1,584,0.17%,6.33
https://lamuchette.fr/products/baguette-dolores-ombrage,1,577,0.17%,12.97
https://lamuchette.fr/products/porte-cles-peluche-dobby,1,569,0.18%,3.64
https://lamuchette.fr/products/petite-peluche-fumseck-le-phenix,1,559,0.18%,12.8
https://lamuchette.fr/products/gomee-viktor-krum,1,558,0.18%,8.09
https://lamuchette.fr/products/harry-potter-et-la-coupe-de-feu-serpentard,1,549,0.18%,14.66
https://lamuchette.fr/products/collier-cle-volante-avec-cristaux-de-swarovski,1,546,0.18%,12.93
https://lamuchette.fr/products/cr5066u,1,544,0.18%,10.25
https://lamuchette.fr/products/carte-serpent-thanksss,1,536,0.19%,4.4
https://lamuchette.fr/products/baguette-magique-pvc-hermione-granger,1,526,0.19%,24.41
https://lamuchette.fr/products/puzzle-harry-potter-retour-a-poudlard-300-pieces,1,525,0.19%,16.18
https://lamuchette.fr/products/gourde-isotherme-luna-et-son-patronus,1,516,0.19%,14.05
https://lamuchette.fr/products/collier-luna-lovegood-1,1,485,0.21%,6.55
https://lamuchette.fr/products/guide-cinema-les-maisons-de-poudlard,1,473,0.21%,23.91
https://lamuchette.fr/products/planche-de-magnets-en-mousse-hagrid,1,461,0.22%,5.43
https://lamuchette.fr/products/baguette-de-remus-lupin,1,449,0.22%,10.65
https://lamuchette.fr/products/le-livre-de-coloriage-de-poudlard,1,445,0.22%,17.69
https://lamuchette.fr/products/marque-page-metal-blason-de-serpentard,1,408,0.25%,21.25
https://lamuchette.fr/products/boucles-doreilles-plateforme-9-3-4-harry-potter,1,401,0.25%,21.31
https://lamuchette.fr/products/porte-cles-3d-vif-d-or,1,398,0.25%,9.32
https://lamuchette.fr/products/fbbb02,1,391,0.26%,11.13
https://lamuchette.fr/products/stylo-mignon-serdaigle,1,389,0.26%,9.79
https://lamuchette.fr/products/creatures-magiques-fumseck-le-phenix-figurines,1,381,0.26%,17.95
https://lamuchette.fr/products/suspension-avec-crochets-pour-cles-wingardium-leviosa,1,375,0.27%,7.74
https://lamuchette.fr/products/baguette-de-dean-thomas,1,373,0.27%,9.22
https://lamuchette.fr/products/hpbb11,1,372,0.27%,29.26
https://lamuchette.fr/products/citrouille-fantome-led,1,366,0.27%,5.45
https://lamuchette.fr/products/stylo-baguette-marque-page-rogue,1,365,0.27%,23.99
https://lamuchette.fr/products/ehpcb0118,1,363,0.28%,35.27
https://lamuchette.fr/products/sceau-poudlard,1,361,0.28%,6.35
https://lamuchette.fr/products/stylo-baguette-marque-page-hermione,1,359,0.28%,10.38
https://lamuchette.fr/collections/harry-potter-baguettes-magiques-baguettes-ollivander/harry-potter,1,349,0.29%,25.85
https://lamuchette.fr/products/hppc04,1,338,0.3%,13.52
https://lamuchette.fr/products/carte-de-voeux-daily-prophet-harry-potter-undesirable-no-1,1,336,0.3%,7.79
https://lamuchette.fr/collections/vetements/serpentard,1,315,0.32%,22.08
https://lamuchette.fr/products/cadre-photo-serpent-dore,1,314,0.32%,5.15
https://lamuchette.fr/products/tote-bag-ministere-de-la-magie-du-bresil,1,313,0.32%,6.01
https://lamuchette.fr/products/baguette-magique-boite-ollivander-drago-malefoy,1,310,0.32%,18.93
https://lamuchette.fr/products/philtre-damour-pendentif-et-support,1,304,0.33%,16.52
https://lamuchette.fr/products/cr2746,1,301,0.33%,6.89
https://lamuchette.fr/products/pierre-philosophale,1,301,0.33%,30.5
https://lamuchette.fr/products/cr5067u,1,300,0.33%,10.37
https://lamuchette.fr/products/dechpk49,1,299,0.33%,4.58
https://lamuchette.fr/products/boule-de-noel-avec-porte-cle-peluche-hedwige,1,297,0.34%,8.91
https://lamuchette.fr/products/hpbb19,1,296,0.34%,6.82
https://lamuchette.fr/collections/minalima/0-20?page=5,1,291,0.34%,11.36
https://lamuchette.fr/products/veste-gryffondor-tournoi-des-trois-sorciers,1,278,0.36%,16.32
https://lamuchette.fr/products/mug-parlement-des-chouettes,1,275,0.36%,6.25
https://lamuchette.fr/collections/bijoux/serpentard,1,275,0.36%,12.7
https://lamuchette.fr/collections/bijoux/serdaigle,1,272,0.37%,11.54
https://lamuchette.fr/products/harry-potter-et-les-reliques-de-la-mort-serpentard,1,271,0.37%,16.67
https://lamuchette.fr/products/journal-the-tales-of-beedle-the-bard,1,269,0.37%,8.86
https://lamuchette.fr/products/gourde-isotherme-dobby-lelfe-libre,1,268,0.37%,6.65
https://lamuchette.fr/products/banniere-murale-poudlard-harry-potter,1,262,0.38%,17.5
https://lamuchette.fr/products/stylo-mignon-serpentard,1,260,0.38%,14.38
https://lamuchette.fr/products/peluche-mascotte-gryffondor,1,259,0.39%,14.73
https://lamuchette.fr/products/decoration-de-sapin-dobby,1,251,0.4%,6.69
https://lamuchette.fr/products/pins-ministere-de-la-magie-du-bresil,1,251,0.4%,7.95
https://lamuchette.fr/collections/les-sacs-fable-england/60-100,1,249,0.4%,7.81
https://lamuchette.fr/products/porte-cles-felix-felicis,1,247,0.4%,6.32
https://lamuchette.fr/products/marque-page-dore-lune,1,236,0.42%,9.89
https://lamuchette.fr/products/dechp16,1,234,0.43%,10.47
https://lamuchette.fr/products/pins-carte-du-maraudeur,1,222,0.45%,30.71
https://lamuchette.fr/products/harry-potter-et-la-coupe-de-feu-poufsouffle,1,220,0.45%,12.95
https://lamuchette.fr/products/cravate-kid-serdaigle-logo-tisse,1,220,0.45%,21.87
https://lamuchette.fr/products/porte-cles-dragees-de-bertie-crochue,1,220,0.45%,35.21
https://lamuchette.fr/products/boule-a-neige-kawaii-hermione,1,219,0.46%,8.17
https://lamuchette.fr/products/decoration-de-sapin-hedwige,1,216,0.46%,5.1
https://lamuchette.fr/products/harry-potter-et-le-prisonnier-dazkaban-minalima,1,216,0.46%,12.81
https://lamuchette.fr/products/carte-de-voeux-harry-avec-pins,1,215,0.47%,5.13
https://lamuchette.fr/products/coussin-et-peluche-chocogrenouille,1,214,0.47%,9.94
https://lamuchette.fr/products/nn7428,1,208,0.48%,13.74
https://lamuchette.fr/collections/harry-potter/gryffondor,1,208,0.48%,14.3
https://lamuchette.fr/products/stylo-serdaigle,1,205,0.49%,11.82
https://lamuchette.fr/products/miroir-du-rised,1,205,0.49%,30.92
https://lamuchette.fr/products/accessoires-pour-cheveux-serpentard-classique-set-de-2,1,202,0.5%,10.86
https://lamuchette.fr/products/lame-de-morgul-ouvre-lettres,1,200,0.5%,11.12
https://lamuchette.fr/products/nn9524,1,200,0.5%,14.59
https://lamuchette.fr/products/harry-potter-expecto-patronum,1,199,0.5%,25.86
https://lamuchette.fr/products/cr4205,1,197,0.51%,22.54
https://lamuchette.fr/products/j02798,1,195,0.51%,38.32
https://lamuchette.fr/products/set-bonnet-et-echarpe-dobby,1,193,0.52%,5.76
https://lamuchette.fr/products/set-de-papeterie-lettre-de-poudlard,1,193,0.52%,10.79
https://lamuchette.fr/collections/bijoux-broches/seigneur-des-anneaux,1,191,0.52%,20.32
https://lamuchette.fr/products/porte-cles-quai-9-3-4-harry-potter,1,190,0.53%,31.27
https://lamuchette.fr/products/wwmpc01,1,189,0.53%,9.13
https://lamuchette.fr/products/gants-tactiles-gryffondor,1,185,0.54%,6.32
https://lamuchette.fr/products/harry-potter-et-le-prisonnier-dazkaban-serdaigle,1,183,0.55%,29.25
https://lamuchette.fr/products/nn7539,1,182,0.55%,11.95
https://lamuchette.fr/products/cahier-ligne-a5-divination,1,180,0.56%,30.69
https://lamuchette.fr/products/decoration-de-noel-fumseck-le-phenix,1,176,0.57%,7.21
https://lamuchette.fr/products/harry-potter-et-la-coupe-de-feu-poche,1,176,0.57%,8.86
https://lamuchette.fr/products/carnet-voie-9-3-4,1,176,0.57%,25.79
https://lamuchette.fr/products/ewnx0025,1,173,0.58%,9.47
https://lamuchette.fr/products/copie-de-linogravure-chocolate-frog-a5-bleu-jaune,1,173,0.58%,12.8
https://lamuchette.fr/products/mug-bertie-crochue-en-rose,1,173,0.58%,14.48
https://lamuchette.fr/products/mug-heat-change-320-ml-je-jure-solennellement,1,169,0.59%,13.26
https://lamuchette.fr/products/a58826,1,169,0.59%,23.68
https://lamuchette.fr/collections/artisanat-et-curiosites/potions,1,168,0.6%,4.92
https://lamuchette.fr/products/pins-oeuf-dor,1,163,0.61%,14.68
https://lamuchette.fr/products/lot-de-20-cartes-postales-the-daily-prophet,1,162,0.62%,12.08
https://lamuchette.fr/products/carte-de-voeux-lenticulaire-bellatrix-lestrange-wanted,1,161,0.62%,8.1
https://lamuchette.fr/products/carte-2-volets-eeylops-owl-emporium,1,161,0.62%,8.49
https://lamuchette.fr/products/calendrier-de-lavent-creatures-du-monde-des-sorciers,1,161,0.62%,9.14
https://lamuchette.fr/products/tote-bag-foret-mystique,1,161,0.62%,11.36
https://lamuchette.fr/products/peluche-mascotte-serpentard,1,160,0.62%,8.24
https://lamuchette.fr/products/trousse-gryffondor,1,159,0.63%,9.47
https://lamuchette.fr/products/figurine-sauron-le-seigneur-des-anneaux,1,159,0.63%,17.94
https://lamuchette.fr/products/hpbb20,1,158,0.63%,7.76
https://lamuchette.fr/products/peluches-blason-de-poudlard-et-vif-dor,1,158,0.63%,11.2
https://lamuchette.fr/products/coffret-a-bijoux-poudlard,1,155,0.65%,9.93
https://lamuchette.fr/collections/notre-selection-dautomne-magique,1,154,0.65%,9.24
https://lamuchette.fr/products/newt-scamander-wanted-poster-carte-de-voeux,1,153,0.65%,10.73
https://lamuchette.fr/products/bonnet-serpentard-lochaven,1,152,0.66%,13.05
https://lamuchette.fr/collections/harry-potter-papeterie-1/serdaigle,1,152,0.66%,16.83
https://lamuchette.fr/products/marque-page-vitrail-la-comte-en-automne,1,149,0.67%,3.65
https://lamuchette.fr/products/porte-cles-lettre-dacceptation-poudlard,1,149,0.67%,10.48
https://lamuchette.fr/products/collier-armoirie-de-serpentard,1,147,0.68%,12.03
https://lamuchette.fr/products/peluche-lutin-de-cornouailles,1,147,0.68%,23.72
https://lamuchette.fr/products/booknook-salle-commune-nebula,1,142,0.7%,8.27
https://lamuchette.fr/products/carte-weve-all-got-both-light-and-dark-inside-us,1,138,0.72%,8.92
https://lamuchette.fr/products/porte-cles-peluche-cedric-diggory-coupe-des-trois-sorciers,1,134,0.75%,4.18
https://lamuchette.fr/products/dechpk56,1,134,0.75%,7.71
https://lamuchette.fr/products/potion-dragees-surprises-version-anglaise,1,134,0.75%,23.39
https://lamuchette.fr/products/bonbonniere-bertie-botts,1,128,0.78%,9.58
https://lamuchette.fr/products/journal-de-tom-jedusor-et-baguette-stylo-invisible,1,127,0.79%,9.17
https://lamuchette.fr/products/ehppb0197,1,126,0.79%,9.21
https://lamuchette.fr/products/sticker-porte-de-hobbit,1,125,0.8%,6.6
https://lamuchette.fr/collections/harry-potter-papeterie-stylos-et-sceaux/serpentard,1,125,0.8%,14.92
https://lamuchette.fr/collections/artisanat-et-curiosites-decorations/noël,1,125,0.8%,17.73
https://lamuchette.fr/products/harry-potter-book-1-quidditch,1,124,0.81%,6.11
https://lamuchette.fr/products/stickers-effet-email,1,122,0.82%,12.98
https://lamuchette.fr/products/suspensions-de-pierres-naturelles,1,122,0.82%,17.87
https://lamuchette.fr/products/crayon-a-papier-reliques-de-la-mort,1,121,0.83%,5.75
https://lamuchette.fr/products/le-seigneur-des-anneaux-figurine-mini-epics-the-witch-king-19-cm,1,120,0.83%,10.72
https://lamuchette.fr/products/porte-cles-sac-a-dos-dragees-de-bertie-crochue,1,119,0.84%,23.97
https://lamuchette.fr/products/carte-2-volets-ticket-poudlard,1,118,0.85%,16.33
https://lamuchette.fr/products/harry-potter-i-harry-potter-a-lecole-des-sorciers-kay,1,118,0.85%,18.76
https://lamuchette.fr/products/set-lettre-dacceptation-a-poudlard,1,118,0.85%,32.97
https://lamuchette.fr/collections/harry-potter-bijoux-badges-et-pins/poufsouffle,1,116,0.86%,16.94