"Search query","Searches"
"plaid",194
"mug",177
"dragon",126
"baguettes",103
"bougie",100
"minalima",85
"marque page",78
"fantôme",75
"harry potter",72
"vitrail",67
"harry",65
"sac",64
"tasse",64
"serpentard",53
"baguette",48
"orpiment",47
"potion",45
"calendrier de l'avent",43
"chaudron",42
"calendrier",40
"attrape soleil",39
"livre",39
"serdaigle",37
"gryffondor",36
"bannière",36
"book nook",34
"booknook",33
"led",29
"grenouille",28
"noël",28
"honeydukes",27
"collier",27
"puzzle",26
"black",25
"hedwige",25
"artisanat",23
"bébé",23
"sac mystère",22
"cadre",22
"peluche",22
"brûle parfum",21
"chocogrenouille",20
"noel",20
"fondant",19
"dobby",19
"chat",19
"coussin",19
"carnet",18
"pop",18
"pin's",18
"pins",18
"thé",18
"affiche",17
"stylo",17
"lochaven",16
"pull",16
"boule",16
"luna",16
"marque-page",15
"porte clé",15
"fantome",15
"poster",15
"bibliothèque des sorciers",14
"livre harry potter",14
"cadre photo",14
"clés volantes",14
"citrouille",14
"carte postale",14
"livres",14
"carte",14
"marque page vitrail",13
"famille black",13
"fumseck",13
"tote bag",13
"badge",13
"trousse",13
"luna lovegood",12
"chaussette",12
"cape",12
"tapis",12
"edwige",12
"patronus",12
"le seigneur des anneaux",11
"pull lochaven",11
"brule",11
"bijoux",11
"sombral",11
"weasley",11
"carillon",11
"porte clés",10
"book dragon",10
"poufsouffle",10
"suspension",10
"mystère",10
"buck",10
"arche",10
"poudlard",10
"loup",10
"renard",10
"parapluie",9
"porte-clés",9
"halloween",9
"horcruxe",9
"miroir",9
"niffleur",9
"clé",9
"hermione",9
"gourde",9
"stickers",9
"seigneur des anneaux",8
"mina lima",8
"carte mystère",8
"brule parfum",8
"puzzle multi",8
"réplique",8
"coupe de feu",8
"mangemort",8
"bonbonnière",8
"écharpe",8
"faience",8
"magnet",8
"automne",8
"plaque",8
"fable",8
"bougies",8
"pin’s",8
"coupe",8
"25 ans",8
"assiette",8
"animaux fantastiques",7
"ministère",7
"serre livre",7
"déguisement",7
"boule de noël",7
"papier peint",7
"sorcière",7
"bouteille",7
"mandragore",7
"mini booknook",7
"fondant de cire",7
"rogue",7
"dragons",7
"vif d'or",7
"figurine",7
"book",7
"chouette",7
"cire",7
"vase",7
"bonbon",7
"severus",7
"ministère de la magie",6
"puzzle multidimensionnel",6
"attrape-soleil vitrail",6
"carte minalima",6
"porte monnaie",6
"présentoir",6
"choixpeau",6
"portefeuille",6
"théière",6
"marguerite",6
"maraudeur",6
"marque pages",6
"reliques",6
"sticker",6
"montre",6
"lunch",6
"brûleur",6
"potions",6
"phenix",6
"soleil",6
"hobbit",6
"lunette",6
"verre",6
"pierre",6
"echarpe",6
"plume",6
"oeuf",6
"filtre",6
"boucles d’oreilles",5
"carte harry potter",5
"marque page grinffondor",5
"retourneur de temps",5
"harry potter livre",5
"décoration noël",5
"housse de coussin",5
"baguette hermione",5
"plaque suspendue",5
"tapis de bureau",5
"gringotts",5
"collection",5
"quidditch",5
"magnet puzzle",5
"mug harry potter",5
"baguette magique",5
"bébé dragon",5
"bague",5
"boite",5
"lune",5
"pin",5
"print",5
"boisson",5
"serpent",5
"statue",5
"ombrage",5
"bougeoir",5
"ornement",5
"commode",5
"bol",5
"vitraux",5
"lampe",5
"hagrid",5
"arthur",5
"pot",5
"meuble",5
"calendrier de l’avent",4
"carte anniversaire",4
"plaque harry potter",4
"peluche harry potter",4
"tasse harry potter",4
"baguette harry potter",4
"marque page harry potter",4
"attrape soleil vitrail",4
"créature magique",4
"noël harry potter",4
"art print",4
"boule a neige",4
"slytherin",4
"décoration noel",4
"boule de cristal",4
"ollivander",4
"choco grenouille",4
"isotherme",4
"voldemort",4
"arthur weasley",4
"sac harry poter",4
"tapis de souris",4
"boule de noel",4
"felix felicis",4
"boule cristal",4
"vêtements",4
"baguette ron",4
"porte baguette",4
"médaillon",4
"brûle",4
"ginny",4
"mina",4
"rised",4
"plaids",4
"phoenix",4
"porte",4
"blason",4
"sacs",4
"valise",4
"attrape",4
"hibou",4
"austen",4
"ron",4
"parfum",4
"enfant",4
"sirène",4
"boîte",4
"robe",4
"pyjama",4
"chapeau",4
"myrtille",4
"lutin",4
"opale",4
"coffret",4
"lucius",4
"gomee",4
"carte anniversaire harry potter",3
"deco noel harry potter",3
"echequier harry potter",3
"affiche harry potter",3
"figurine harry potter",3
"les animaux fantastiques",3
"chambre des secrets",3
"harry potter pull",3
"boucles d'oreilles",3
"harry potter noël",3
"baguette patronus",3
"trousse de toilette",3
"bague harry potter",3
"livre harry poter",3
"porte clef",3
"sac à dos",3
"baguette harry",3
"mug chaudron",3
"peluche patronus",3
"chaussettes",3
"veilleuse",3
"orpimentpotion",3
"green witch",3
"passeport",3
"jumeaux weasley",3
"calendrier avent",3
"décoration led",3
"fable england",3
"guirlande",3
"porte cles",3
"hippogriffe",3
"funko pop",3
"sac a main",3
"carte cadeau",3
"clé volante",3
"mug dorée",3
"boîte à bijoux",3
"vêtement",3
"bébé drago",3
"précommande",3
"precommande",3
"coloriage",3
"pendentif",3
"assiettes",3
"terre du milieu",3
"chaussette noel",3
"boules de noel",3
"bière au beurre",3
"aquarelle",3
"support baguette",3
"papeterie",3
"honey dukes",3
"ravenclaw",3
"décoration",3
"mug grenouille",3
"bocal",3
"queenie",3
"cristal",3
"cahier",3
"tasses",3
"ford",3
"nifleur",3
"daily",3
"bonbons",3
"elixir",3
"mig",3
"chocolat",3
"lunettes",3
"tombola",3
"crayon",3
"bureau",3
"avent",3
"acotar",3
"dorée",3
"lego",3
"phénix",3
"peignoir",3
"sablier",3
"blaireau",3
"botruc",3
"sapin",3
"soldes",3
"lovegood",3
"fondants",3
"totebag",3
"vache",3
"retour",3
"relique",3
"journal",3
"calendrier de l'avent harry potter",2
"harry potter et la coupe de feu",2
"carte postale harry potter",2
"boule de noel harry potter",2
"harry potter serdaigle",2
"pin's harry potter",2
"pierre philosophale",2
"carte du maraudeur",2
"creatures magiques",2
"carte postale mina lima",2
"calendrier de l avent",2
"boisson harry potter",2
"créatures magiques",2
"les frère wesley",2
"peluche luna lovegood",2
"décoration de noël",2
"the lord of the rings",2
"porte cle peluche",2
"coupe des 3 sorciers",2
"calendrier de l’avant",2
"puzzle harry potter",2
"cahier serpentard",2
"plaque ollivander",2
"parapluie famille black",2
"cape harry potter",2
"la chambre des secrets",2
"trousse serdaigle",2
"collection dorée",2
"thé de divination",2
"chaussette harry potter",2
"décoration sapin",2
"jim shore",2
"mini suspension",2
"tapis bureau",2
"la coupe de feu",2
"porte carte",2
"figurine edwige",2
"bieraubeurre",2
"porte-monnaie",2
"baguette hagrid",2
"prince de sang",2
"loungefly",2
"tee shirt",2
"deguisement",2
"chocogrenouilled",2
"minalima livre",2
"casquette",2
"butter beer",2
"baguette albus",2
"vif d’or",2
"honey duke",2
"confiserie",2
"carte de noël",2
"pot à crayons",2
"livraison",2
"félix felicis",2
"pop harry potter",2
"stylo baguette",2
"crayon à papier",2
"vide poche",2
"champignon",2
"pull enfant",2
"carte maraudeur",2
"griffondor",2
"mug serdaigle",2
"creature magique",2
"livre minalima",2
"porte bijoux",2
"severus snape",2
"chaudron fondant",2
"book noir",2
"filtre d’amour",2
"sous-verre",2
"plaid automne",2
"bougie ´",2
"chaudron bougie",2
"diffuseur",2
"boule noël",2
"bébé loup",2
"mug livre",2
"tasse magique",2
"crayon de papier",2
"oeuf dragon",2
"detraqueur",2
"couverture",2
"ollivanders",2
"bellatrix",2
"boite livre",2
"echiquier",2
"chat bleu",2
"sac à main",2
"figurine dorée",2
"chaussette noël",2
"articulé",2
"love potion",2
"pack vetement",2
"sorcieres",2
"nimbus 2000",2
"carte postal",2
"carnet minalima",2
"baguette luna",2
"pins harry",2
"poutsouffle",2
"serre livres",2
"jeux de carte",2
"livre sortilège",2
"set de table",2
"porte bijou",2
"decoration",2
"housse coussin",2
"jane austen",2
"paillasson",2
"collier d'opale",2
"figurine pop",2
"pot à crayon",2
"olivander",2
"noble collection",2
"sirius black",2
"sac serpentard",2
"papier cadeau",2
"clef",2
"balais",2
"cartes",2
"witch",2
"widdop",2
"dague",2
"chocogre",2
"doré",2
"bertie",2
"drabgonh",2
"lavabo",2
"tote bah",2
"les",2
"magique",2
"replique",2
"cravate",2
"narcissa",2
"carafe",2
"sirop",2
"broche",2
"aragon",2
"costume",2
"gollum",2
"phœnix",2
"félix",2
"agenda",2
"uniforme",2
"bah",2
"nimbus",2
"reliq",2
"echec",2
"étui",2
"tablier",2
"tricot",2
"clefs",2
"azkaban",2
"stikers",2
"pop up",2
"monnaie",2
"masque",2
"limonade",2
"portrait",2
"lanterne",2
"maison",2
"tirelire",2
"new",2
"chope",2
"set",2
"note",2
"licorne",2
"wanted",2
"chausson",2
"magnets",2
"horcrux",2
"pochette",2
"balai",2
"drago",2
"fanion",2
"loutre",2
"bracelet",2
"prince",2
"cotons",2
"amour",2
"œuf",2
"aragog",2
"sirius",2
"lapin",2
"mug 3d",2
"malle",2
"snape",2
"body",2
"hogwarts",2
"love",2
"fumeseck",2
"jouet",2
"mugs",2
"boucle d'oreille relique de la mort",1
"la coupe de helga poufsouffle.",1
"seigenur des anneaux porte monnaie",1
"bébé niffleur harry potter",1
"livre école des sorciers gryffondor",1
"bouteille de potion fausse",1
"robe de sorcier cinereplicas",1
"porte cle soleil et nuage",1
"lunch isotherme poufsouffle",1
"moule silicone harry potter",1
"tasse seigneur des anneaux",1
"bâton de maugrey fol'oeil",1
"calendrier de l'avent harry",1
"doudou nufler harry potter",1
"harry potter 6 serpentard",1
"brule parfum forme chaudron",1
"figirines noble collection",1
"coffret livre harry potter",1
"jeu d echec électronique",1
"harry potter sticker portrat",1
"livre harry potter serdaigle",1
"carte postale it's sort of",1
"grosse boite bonbon berttie crochue",1
"figurine lutin de cornouaille",1
"chocogrenouille porte clé",1
"la relique de l.oeuf ŵore harrypother",1
"harry potter et la chambre des secrets",1
"cartes postales couvertures livres",1
"decoration maison harry potter",1
"collier les reliques de la mort",1
"marque page magnétique hedwige",1
"baguette sirius blackberry",1
"farces pour sorciers facétieux",1
"papier peint famille black",1
"baguette hermione lumiere",1
"livre prince du sang melee",1
"illustration coupe de feu",1
"seigneur des anneaux marque page",1
"pins advanced potion making",1
"decoration noël harry potter",1
"manuel avancé de préparation de potions",1
"ornement noël harry potter",1
"harry potter calendrier de l'avent",1
"pot à crayon harry potter",1
"suspension noel harry potter",1
"porte monnaie le seigneur des anneaux",1
"badge animaux fantastiques",1
"lampe farces pour sorciers facétieux",1
"plaque arche lutin de cornouaille",1
"plaque suspendue polynectar",1
"figurine noble collection",1
"peluche bébé niffler gingembre",1
"plaque ministere de la magie",1
"livre harry potter versuon serpentard",1
"le diadème de rowena serdaigle.",1
"guirlande lettre acceptation",1
"collier oeuf d'or et boîte en métal",1
"baguette hermione lumineuse",1
"le médaillon de salazar serpentard.",1
"présentoir 4 baguettes la carte du maraudeur",1
"déguisement harry potter",1
"nourriture de boursouflet",1
"présentoir choixpeau pour stylos",1
"la chronique de bridgerton",1
"set assiettes seigneur des anneaux",1
"nagini, le serpent de lord voldemort",1
"serre livres porte de durin",1
"sweat à capuche harry potter serpentard",1
"boule à neige harry potter",1
"carte chocogrenouille au chocolat",1
"porte monnaie seigneur des anneaux",1
"le journal intime de tom jedusor.",1
"calendrier avent harry potter",1
"harry potter et les reliques de la mort",1
"attrape soleil trou de hobbit",1
"boules de noël harry potter",1
"baguette noble collection",1
"horloge harry poter",1
"déguisement sorcier",1
"farce et attrapes",1
"marque page magnétique",1
"presentoir a baguette",1
"harry potter minalima",1
"boucle d’oreilles",1
"sac a lunch serpentard",1
"la cape de sorcier",1
"tasses harry potter",1
"présentoir baguette",1
"chaudron pour cire",1
"harry potter 4 livre",1
"retourneur de temp",1
"phenix noble collection",1
"attrappe soleil poudlard",1
"voldemort figurine",1
"livre la coupe de feu",1
"noel harry potter",1
"porte bijoux fumseck",1
"animaux fantastique",1
"coussin harr potter",1
"harry potter jim kay",1
"lutin de cornouailles",1
"porte clé harry potter",1
"poster dumbledore",1
"bouteille isotherme",1
"carte postale art",1
"tome 1 harry potter",1
"boule noel harry potter",1
"porte bijoux dore",1
"bonbons harry potter",1
"dragon entre livre",1
"housse de couette",1
"carte postale poudlard",1
"badge poufssoufle",1
"livre tom jeduqor",1
"olivender pancarte",1
"mad-eye moody's staff",1
"livres harry potter",1
"pins harry potter",1
"triangle reliques",1
"coupe harry potter",1
"tote bag tapisserie",1
"peluche bébé niffler",1
"tasse chauve souris",1
"minalima carte mystère",1
"annuler une commande",1
"boule noël poudlard",1
"coque téléphone",1
"lettres ministère",1
"tote bag champignon",1
"cartes postales mystère",1
"livre la coupe de feux",1
"badge grinffondor",1
"minalima harry potter",1
"porte clés harry potter",1
"baguette célébrations",1
"affiche mina lima",1
"presentoir baguette",1
"harry potter noel",1
"étoile pour sapin",1
"slytherin peluche",1
"écharpe srrpentard",1
"slytherin mascotte",1
"costume de maison",1
"plaque the burrow",1
"dragon bibliotheque",1
"carte de harry potter",1
"gourde harry potter",1
"harry potter stickers",1
"boule de noel hagrid",1
"plaques suspendues",1
"carte d'anniversaire",1
"peluche grenouille",1
"porte bijou fumeseck",1
"bonbon harry potter",1
"baguette lance flamme",1
"coffret anniversaire",1
"derouleur papier wc",1
"l'ordre du phénix",1
"panneau direction",1
"l'atelier de la reine",1
"sac à main harry potter",1
"livre poufsouffle",1
"gomme chocogrenouille",1
"cbaussette harry potter",1
"suspension flocon",1
"décoration étagère",1
"support à baguette",1
"étagère à baguette",1
"seigneur des annneaux",1
"weasley & weasley",1
"écharpe serdaigle",1
"baguette parapluie",1
"the wizard s shop",1
"calendrier de l'avant",1
"échiquier magique",1
"parapluie harry potter",1
"mugs harry potter",1
"boule de divination",1
"marque page votrail",1
"suspension crochet",1
"veste fleur delacour",1
"les livres harry potter",1
"carnet gryffondor",1
"ecole des sorciers",1
"plaque à suspendre",1
"harry potter xarte",1
"collier the witcher",1
"cape d’invisibilité",1
"robe gryffondor enfant",1
"pantoufle harry potter",1
"chocogronouilles carte",1
"harry potter poche",1
"relique de la mort",1
"carte lenticulaire",1
"porte clé griffondeur",1
"veste harry potter",1
"magnétique puzzle",1
"chaussettes noël",1
"marsue page vitrail",1
"marque-page vitrail",1
"orgueil et préjugés",1
"baguette ginny weasley",1
"harry potter poufsoufle",1
"collier harry potter",1
"baguette serpentard",1
"harry potter peluche",1
"lettre acceptation",1
"prince de sang mêlé",1
"guide des tailles bague",1
"affiche honey and duck",1
"boisson+harry+potter+",1
"baguette de queenies",1
"maître de la magie",1
"calendrier seigneur",1
"collier luna lovegood",1
"baguette cyrius black",1
"porte bijou fullseck",1
"carte du maraudeurs",1
"carte du marauder",1
"baguette voldemort",1
"livvre harry potter",1
"decoration de noel",1
"carnet à sortilège",1
"livee harry potter",1
"cahier honey dukes",1
"marque page seigneur",1
"pull harry potter",1
"baguette dumbledore",1
"baguette arthur weasley",1
"pierre ressurection",1
"chemin de traverse",1
"plaque du terrier",1
"roman livre de potion",1
"présentoir à baguette",1
"griffondor gourde",1
"valise harry potter",1
"baguette ombragé",1
"decoration de noël",1
"parapluie serpentard",1
"coffret suspension",1
"boule noël harry potter",1
"bougie harry potter",1
"cerf attrape soleil",1
"paillasson harry potter",1
"fondants harry potter",1
"tasse green witch",1
"ornement de sapin",1
"brûle parfum chaudron",1
"norbert dragonneau",1
"armoiries serpentard",1
"première baguette",1
"pins famille des blacks",1
"porte clé serpentard",1
"les animaux fantastique",1
"harry potter bague",1
"premiere baguette",1
"rond de serviette",1
"carte postale mystère",1
"porte clés serpe tard",1
"destination serdaigle",1
"verre harry potter",1
"harry potter vol2",1
"carte postale minalima",1
"cadre harry potter",1
"présentoirs maraudaire",1
"sac cabas harry potter",1
"deco harry potter",1
"set de table harry",1
"bienvenue à poudlard",1
"la bague des gaunt",1
"reliques de la mort",1
"dragées surprise",1
"boule de noël led",1
"cravate serpentar",1
"montre harry potter",1
"boîte à goûter",1
"uniforme sardaigle",1
"coffret carte maraudeur",1
"chemin de travers",1
"belatrix lestrange",1
"advanced potion making",1
"écriteau, ollivander",1
"marque page serdaigle",1
"chaudron suspendu",1
"the noble collection",1
"cape hermione enfant",1
"sweat harry potter",1
"support a baguette",1
"tenue harry potter",1
"harry potter christmas",1
"patisserie harry potter",1
"baguette patronud",1
"robe harry poetter",1
"calendrier de l’ava",1
"baguette severus rogue",1
"la main de la gloire",1
"deguisement harry",1
"harry potter enveloppe",1
"serre livre goliath",1
"cadre miroir du risée",1
"figurine statuette",1
"lot de 4 sous-verre",1
"suspension harry potter",1
"porte cle harry potter",1
"boule détraqués",1
"seigneur des anneuax",1
"harry potter card",1
"marque-page vitraul",1
"décoration murale",1
"chambre des secret",1
"tasse et chaussettes",1
"noeud norbert dragonneau",1
"journal advanced potion",1
"decoration harry potter",1
"carte postale vintage",1
"lunch box harry potter",1
"art print minalima",1
"suspension chouette",1
"carillons",1
"pop professeur",1
"boîte à bijou",1
"agenda 2026",1
"minalima print",1
"minalima carte",1
"tapis souris",1
"mug latte",1
"stylo ministère",1
"la statuette",1
"pot a crayon",1
"mynistére",1
"peluche hermione",1
"lord of the ring",1
"badge minalima",1
"bannières",1
"mug thermique",1
"beuglznte",1
"cartes postales",1
"figurine doré",1
"wizaeding world",1
"bibliothèque",1
"pack veteemnt",1
"calligraphie",1
"patron us",1
"anniversaire",1
"pull jarry",1
"jupe hermione",1
"pochette beauty",1
"badge minlaima",1
"coffret cadeau",1
"reriste luna",1
"carte minecraft",1
"draco malfoy",1
"citroulle",1
"trivial poursuit",1
"livre populaire",1
"revenir luna",1
"serviette",1
"poster minalima",1
"sardaigne",1
"creatire magique",1
"minalima black",1
"pré-commande",1
"livre pop eup",1
"mug witch",1
"game of thrones",1
"pin's préfet",1
"livre snape",1
"matque page",1
"badje potter pue",1
"carte serie 3",1
"famillz black",1
"gomme chocogren",1
"autocollant",1
"pancho tartan",1
"pantouffle",1
"doctor who",1
"mug poufsouffle",1
"grand dragon",1
"drago malfoy",1
"trou de hobbit",1
"sun catcher",1
"tasse harry",1
"porte manteau",1
"un pot à crayon",1
"set écriture",1
"oeuf dore",1
"porte lé",1
"albus dumbledor",1
"suspensions",1
"dragon cerisier.",1
"carnet souple",1
"diagon halley",1
"tasse citrouille",1
"ministere magie",1
"tapisserie black",1
"plaque sortilege",1
"coton lavable",1
"plaque cheminée",1
"mcgonagall",1
"coquillage",1
"affiche minalima",1
"certificat",1
"petit dragon",1
"boursoufler",1
"mug des maisons",1
"oeil de sauron",1
"decoration.noel",1
"yule ball",1
"nimbus 2ooo",1
"feliz felicidad",1
"capteur soleil",1
"bougie magique",1
"retourneeur",1
"plaque ministere",1
"affiche d'art",1
"étagères",1
"calendrier harry",1
"baguette de suro",1
"une serpentard",1
"figurines gomee",1
"figurine phenix",1
"figurine witch",1
"misss teigne",1
"à bijoux",1
"wingardium",1
"echiquiwe",1
"nourriture",1
"sac fourre tout",1
"livre araignée",1
"livres serdaigle",1
"sac à lunch",1
"éclair de feu",1
"chance liauide",1
"diagon aller",1
"verre sorcière",1
"mug halloween",1
"boite vif d'or",1
"greniuille",1
"bâton de marche",1
"baguette dolores",1
"emballage cadeau",1
"sac d’hermione",1
"decoration sapin",1
"chauves souris",1
"peluche maison",1
"4 maisons",1
"sac a lange",1
"préfet en chef",1
"bâton de cire",1
"pop edwige",1
"tapisserie",1
"astrologie",1
"marque ^page",1
"pull hermione",1
"magie noire",1
"ticket bus",1
"plaid renard",1
"carte adoption",1
"dark romance",1
"bridgerton",1
"clé volant",1
"marque-pages",1
"sac a lunch",1
"statuette",1
"libellule",1
"boite ceraoique",1
"baguette flamme",1
"élastiques",1
"chouette en bois",1
"gourde dobby",1
"brûleurs",1
"pot crayon",1
"ouvre lettre",1
"armoiries",1
"cache pot",1
"baguetye magique",1
"cadre lumos",1
"statuette dorée",1
"fondant cire",1
"labyrinthe",1
"dumbledore",1
"set déjeuner",1
"livre coffret",1
"étagère",1
"tete magemort",1
"alohomora",1
"pull cho-chang",1
"échiquier",1
"pop potter",1
"bracelet cuir",1
"lampe weasley",1
"objet mystère",1
"serpentaire",1
"malle quidditch",1
"nouveauté",1
"guide cinéma",1
"lumineuse led",1
"pins austen",1
"minal ima",1
"brule arfum",1
"detraqueurs",1
"figurines",1
"l’être",1
"dés pouf",1
"luminaire",1
"book noik",1
"ordre du phenix",1
"ornement noel",1
"livres minalima",1
"pack vetements",1
"objet réplique",1
"pré commande",1
"chaudron magique",1
"livre aquarelle",1
"service à thé",1
"tasse livre",1
"pop surius",1
"trois balais",1
"baguette ton",1
"boite edwige",1
"harypotter poche",1
"livre harry",1
"le suriel",1
"carte hibou",1
"chocogrenouilles",1
"baguette sureau",1
"saule cogneur",1
"chance liquide",1
"baguette expecto",1
"déluminateur",1
"bâton volant",1
"petit prince",1
"sortilège",1
"lingettes",1
"plaque à poser",1
"maugrey fol'oeil",1
"poudlard vitrail",1
"pin's black",1
"percy weasley",1
"cadre hedwige",1
"ministere",1
"boulle de noel",1
"embleme macusa",1
"calendriers",1
"nicolas flamel",1
"lettes box",1
"mug witches",1
"chambre des",1
"le terrier",1
"mug seigneur",1
"amortencia",1
"deco toilettes",1
"chocogrenpuille",1
"cadre phoo",1
"dumbuldore",1
"deco noel",1
"professeur",1
"pot crayons",1
"minalima carnet",1
"weasley arthur",1
"fantômes",1
"argent 925",1
"renouille",1
"enveloppe",1
"magicobus",1
"print minalima",1
"ordinateur",1
"serre tete",1
"sac lunch",1
"à lolita",1
"miss teigne",1
"carte terre",1
"petite tasse",1
"plaque diagon",1
"poudlard express",1
"maraudeurs",1
"hogwarts express",1
"mini book nook",1
"chat noir",1
"collier vif d or",1
"nouveautés",1
"mug noël",1
"nicolas flamme",1
"baguette onbrage",1
"minalima card",1
"perplexus",1
"brûle pafum’",1
"butterbeer",1
"hypogriffe",1
"chouette doree",1
"boule noel",1
"morsmordre",1
"cabane hagrid",1
"boursoufle",1
"tasses harry",1
"dragon noir",1
"pull noël",1
"wizarding world",1
"cahier ron",1
"poudlard pop up",1
"liminaire",1
"decoration led",1
"bieraubeuree",1
"boule led",1
"deguissement",1
"ipogriffe",1
"tee short",1
"book monster",1
"lug poufsouffle",1
"the divination",1
"terrassen",1
"retourneur",1
"résurrection",1
"boite à cookie",1
"inquisitrice",1
"mini dragon",1
"poufsouflle",1
"stylo mignon",1
"livre popup",1
"porte stylo",1
"boule poudlard",1
"baguette phénix",1
"luna loveggod",1
"cadre edwige",1
"tasse serpentard",1
"veuilleuse",1
"honeyduke",1
"écriteau",1
"bierre au beurre",1
"attrappe soleil",1
"boule saule",1
"badge serpentard",1
"proclamation",1
"porte cire",1
"pen holder",1
"attrape-soleil",1
"toilettes",1
"badge blason",1
"balai magique",1
"poufsoufle",1
"linistère",1
"plaid halloween",1
"beauxbâtons",1
"ordre du phénix",1
"boules potter",1
"the originals",1
"wizaring world",1
"baguette fred",1
"potion d’amour",1
"figurine tintin",1
"lettre poudlard",1
"cornouaille",1
"boîte serpent",1
"le hobbit",1
"ford anglia",1
"boule à thé",1
"carnet mission",1
"tasse renard",1
"fantôme led",1
"livre minaluma",1
"pin's minalima",1
"9 janvier",1
"mystères",1
"haery potter 4",1
"tasse frog",1
"julie plec",1
"jewellery stand",1
"biereaubeurre",1
"sculpture",1
"potion magique",1
"sac de voyage",1
"chaussettew",1
"oeuf d'or",1
"alan rickman",1
"pull quidditch",1
"beuglante",1
"félix felicia",1
"sweat fille",1
"fee clochette",1
"cahiet exercices",1
"kit harry potter",1
"porte-feuille",1
"plume ombrage",1
"chaudron cire",1
"chaussons",1
"lampe potion",1
"headmaster",1
"baguette ginni",1
"theastral",1
"lampe levitante",1
"bougie hagrud",1
"miroir à main",1
"mima lima",1
"beauty in common",1
"pochette peluche",1
"baguette lupin",1
"baguette de ron",1
"minalima 3d",1
"lampe de lecture",1
"decoration noel",1
"porte lingot",1
"hufflepuff",1
"sceau serpentard",1
"baton de maugrey",1
"serpantar",1
"cho cheng",1
"poudlard noel",1
"carte vœux",1
"emballage",1
"pull r ron",1
"objet serpentard",1
"redmer hoekstra",1
"pins minalima",1
"les reliques",1
"carnet hibou",1
"pantoufles",1
"diamond painting",1
"saint valentin",1
"sous mains",1
"collier de livre",1
"bougies à led",1
"suspension oeuf",1
"cho-chang",1
"tim dekay",1
"ippogriffe",1
"puzzle black",1
"dragon coeur",1
"tasse grenouille",1
"clés volante",1
"olivender",1
"tasse a cafe",1
"jacob kowalski",1
"tasse griffondor",1
"cow-hig-390",1
"fondant bougie",1
"bebe dragon",1
"baguette rogue",1
"suncatcher",1
"luna love good",1
"sac bandoulière",1
"boule de neige",1
"destination",1
"ginny weasley",1
"bâtons gandalf",1
"theory 11",1
"nook book",1
"badge serdaigle",1
"stranger things",1
"taille bague",1
"retourner",1
"boule.de cristal",1
"prophétie",1
"tee-shirts",1
"set assiettes",1
"bouteilles",1
"collier hermione",1
"livre jim kay",1
"privet drive",1
"bocaux",1
"protege",1
"gants",1
"sav",1
"patch",1
"fanrome",1
"mabo",1
"tartan",1
"golden",1
"gâteau",1
"echarp",1
"préfet",1
"service",1
"vintage",1
"leita",1
"wands",1
"rusard",1
"vanille",1
"hermiine",1
"solde",1
"adoption",1
"fidget",1
"kitsune",1
"ecusson",1
"kingsley",1
"cimier",1
"table",1
"basilic",1
"bookn",1
"labubu",1
"artprint",1
"junior",1
"housse",1
"papillon",1
"hedwig3",1
"influer",1
"kit",1
"bâton",1
"cloches",1
"tobby",1
"bebe",1
"vif dor",1
"l’une",1
"eneco",1
"velours",1
"chuck y",1
"cuisine",1
"animaux",1
"sheets",1
"senteur",1
"mystik",1
"faramir",1
"malfoy",1
"levions",1
"trico",1
"raven",1
"vichy",1
"magical",1
"halgrid",1
"diadème",1
"drago'",1
"plie",1
"pingouin",1
"yule bll",1
"horreur",1
"mug frog",1
"peluches",1
"choix",1
"argent",1
"lettre",1
"patrons",1
"lupin",1
"far",1
"billet",1
"felix",1
"witcher",1
"soda",1
"pancho",1
"crapaud",1
"qibbelle",1
"lu à",1
"baby",1
"coussins",1
"pensine",1
"tintin",1
"fumsek",1
"colibri",1
"carte p",1
"kelpie",1
"magyar",1
"vif f'or",1
"horloges",1
"torchon",1
"crochet",1
"sall",1
"blanche",1
"encens",1
"minerva",1
"box",1
"risée",1
"fanions",1
"infusion",1
"enesco",1
"requin",1
"crab",1
"brul",1
"fiole",1
"rusarf",1
"draps",1
"horcru",1
"sombrl",1
"série",1
"saboteur",1
"baguz",1
"lamin",1
"disney",1
"hedwig",1
"barrette",1
"bob",1
"truie",1
"posters",1
"dessin",1
"gaine",1
"suriel",1
"coffre",1
"gobelet",1
"volante",1
"moon",1
"pull r",1
"gobelin",1
"ticket",1
"coque",1
"seamus",1
"carte 3d",1
"arwen",1
"cuir",1
"sceau",1
"sirènes",1
"narnia",1
"doudous",1
"male",1
"biere",1
"pipe",1
"booknote",1
"frog",1
"lion",1
"deathly",1
"banane",1
"voiture",1
"fred",1
"green",1
"corbeau",1
"série 3",1
"cochon",1
"jeux",1
"serre",1
"goule",1
"widoop",1
"pelluche",1
"oreilles",1
"orpimebt",1
"maugrey",1
"candle",1
"snaps",1
"gateau",1
"limitée",1
"ton",1
"mouette",1
"jedusor",1
"canne",1
"stickerd",1
"tableau",1
"post it",1
"pin s",1
"anglia",1
"choco",1
"zelda",1
"9/3",1
"theiere",1
"malefoy",1
"cage",1
"fée",1
"oeufs",1
"poigné",1
"attrapé",1
"chuky",1
"gomme",1
"diorama",1
"flasque",1
"berti",1
"prada",1
"platform",1
"bache",1
"alo",1
"pumpkin",1
"goyle",1
"baton",1
"goal",1
"affiches",1
"ban",1
"loupe",1
"minaliam",1
"alhomora",1
"marvel",1
"ribbon",1
"lingette",1
"marauder",1
"queens",1
"brigade",1
"statut",1
"macusa",1
"booknooj",1
"anaïs",1
"marraine",1
"spookie",1
"litchi",1
"narcisse",1
"watch",1
"habit",1
"terrier",1
"hermuone",1
"drapeau",1
"slogorn",1
"moule",1
"molly",1
"mystery",1
"lievre",1
"poe",1
"t shirt",1
"twilight",1
"jeton",1
"sacoche",1
"durin",1
"comptoir",1
"lettres",1
"eventail",1
"caca",1
"boissons",1
"bijou",1
"lunz",1
"foret",1
"pygmy",1
"dragée",1
"toppers",1
"snake",1
"angmar",1
"planteur",1
"lanière",1
"gomez",1
"parf",1
"book non",1
"sale",1
"gomer",1
"porc",1
"fantomes",1
"sombras",1
"tôt bah",1
"bou",1
"dinky",1
"myst",1
"collizr",1
"jeu",1
"chevet",1
"pixie",1
"chiapeau",1
"biscuits",1
"attrap",1
"3 balais",1
"lima",1
"snitch",1
"merfolk",1
"paraplui",1
"maquette",1
"stickets",1
"grip",1
"noble",1
"réveil",1
"lingot",1
"châle",1
"traverse",1
"palid",1
"thés",1
"sweat",1
"lorien",1
"a manger",1
"justice",1
"deco",1
"plais",1
"fées",1
"tome 4",1
"bataille",1
"fumsec",1
"bierre",1
"free hug",1
"couteau",1
"helga",1
"train",1
"remus",1
"earendil",1
"djinn",1
"nitric",1
"papier",1
"capr",1
"fragon",1
"rubik",1
"moo",1
"mug rose",1
"déco",1
"crayons",1
"thestral",1
"souris",1
"nick",1
"support",1
"fleur",1
"petite",1
"clés",1
"pack",1
"hgtid",1
"wesleay",1
"etagere",1
"mystic",1
"pancarte",1
"stocker",1
"lockhart",1
"colier",1
"slughorn",1
"tenue",1
