Requêtes les plus fréquentes,Clics,Impressions,CTR,Position
la muchette,2780,3795,73.25%,1.14
la muchette rouen,1444,2667,54.14%,1.18
boutique harry potter rouen,529,1618,32.69%,1.31
muchette,458,1059,43.25%,1.75
magasin harry potter rouen,293,918,31.92%,1.3
bijoux harry potter,220,6010,3.66%,5.13
boutique harry potter,217,26002,0.83%,10.95
pull ron weasley,215,2657,8.09%,2.05
pull harry potter,157,11613,1.35%,6.39
lamuchette,111,131,84.73%,1.01
decoration noel harry potter,101,1810,5.58%,4.42
bague harry potter,98,4322,2.27%,6.32
harry potter rouen,97,554,17.51%,1.09
deco noel harry potter,94,1662,5.66%,3.61
carte anniversaire harry potter,85,3284,2.59%,1.59
bijou harry potter,71,1795,3.96%,5.42
bonbon harry potter,56,8223,0.68%,13.15
magasin harry potter,55,8328,0.66%,9.79
pull ron,52,759,6.85%,1.41
boutique la muchette,50,68,73.53%,1
collier harry potter,48,3066,1.57%,6.17
décoration sapin harry potter,45,721,6.24%,5.4
deco de noel harry potter,42,544,7.72%,2.96
pull ron harry potter,42,451,9.31%,1.77
figurine seigneur des anneaux,41,5438,0.75%,13.49
decoration de noel harry potter,40,657,6.09%,4.24
harry potter boutique,36,4292,0.84%,10.85
horace slughorn,34,5174,0.66%,14.57
bonbons harry potter,33,3431,0.96%,14.67
prophétie harry potter,33,2464,1.34%,8.55
boule de noel harry potter,32,741,4.32%,5.55
carte anniversaire harry potter gratuite,32,644,4.97%,1.05
décoration noel harry potter,30,320,9.38%,3.88
décoration noël harry potter,28,423,6.62%,4.6
boucle d'oreille harry potter,27,963,2.8%,5.76
décoration seigneur des anneaux,27,787,3.43%,7.66
minalima france,27,524,5.15%,4.91
marque page vitrail,27,311,8.68%,2.2
slughorn,26,2749,0.95%,6.24
décoration de noël harry potter,25,264,9.47%,3.75
noel harry potter,24,1311,1.83%,6.56
deco sapin harry potter,24,565,4.25%,5.88
pull ron et harry,22,146,15.07%,1.86
écharpe gryffondor,21,3275,0.64%,6.49
parapluie harry potter,21,3168,0.66%,10.57
sac fable england,21,849,2.47%,7.82
soldes harry potter,20,2989,0.67%,10.34
boutique harry potter en ligne,20,1301,1.54%,8.21
confiserie harry potter,20,1124,1.78%,10.74
carte d'anniversaire harry potter,20,697,2.87%,1.7
advanced potion making,19,478,3.97%,5.56
marque page seigneur des anneaux,18,678,2.65%,6.01
carte anniversaire harry potter fille,18,463,3.89%,1.14
carte terre du milieu,17,3217,0.53%,9.4
concept store rouen,17,1389,1.22%,4.05
carte postale harry potter,17,757,2.25%,3.08
chaussettes seigneur des anneaux,17,359,4.74%,4.01
pull harry potter ron,17,271,6.27%,1.75
agenda harry potter 2026,16,994,1.61%,6.44
chaussette seigneur des anneaux,16,347,4.61%,4.34
bague harry potter swarovski,16,283,5.65%,1.65
decoration harry potter noel,16,272,5.88%,3.69
peluche harry potter,15,6087,0.25%,10.2
harry potter bijoux,15,688,2.18%,5.26
agenda harry potter 2025 2026,15,584,2.57%,7.64
papier peint harry potter famille black,15,350,4.29%,5.17
cape hobbit,15,223,6.73%,2.39
coussin harry potter,14,1188,1.18%,7.29
figurine le seigneur des anneaux,14,935,1.5%,8.1
pierre breton illustrateur,14,432,3.24%,7.98
cravate harry potter,13,5972,0.22%,14.22
stickers harry potter,13,3696,0.35%,12.14
harry potter pull,13,958,1.36%,6.87
tasse chaudron,13,940,1.38%,5.73
pull harry potter h,13,717,1.81%,4.94
boucle d oreille harry potter,13,382,3.4%,6.25
marque page fantasy,13,260,5%,8.25
attrape soleil vitrail,13,241,5.39%,10.44
book nook harry potter salle commune,13,137,9.49%,3.09
baguette voldemort,12,7187,0.17%,12
harry potter noel,12,2418,0.5%,8.08
carnet harry potter,12,1847,0.65%,8.18
alphabet harry potter,12,1690,0.71%,1.21
veritaserum,12,1169,1.03%,5.81
boutique cadeau rouen,12,327,3.67%,5.33
prophétie harry potter explication,12,207,5.8%,6.14
pull de ron weasley,12,160,7.5%,1.61
minalima,11,3510,0.31%,10.31
boucles d'oreilles harry potter,11,632,1.74%,6.97
book nook dragon,11,600,1.83%,7.88
deco seigneur des anneaux,11,431,2.55%,7.63
deco harry potter noel,11,312,3.53%,4.84
boutique seigneur des anneaux,11,307,3.58%,9.08
image anniversaire harry potter,11,191,5.76%,1
pull harry et ron,11,184,5.98%,2.64
book nook harry potter,11,152,7.24%,12.77
muchette rouen,11,23,47.83%,1
carte de la terre du milieu,10,1808,0.55%,7.51
pins harry potter,10,1018,0.98%,10.02
harry potter magasin,10,1002,1%,10.36
boutique officielle harry potter,10,539,1.86%,9.24
plaid fluffy,10,467,2.14%,5.75
bon anniversaire harry potter,10,339,2.95%,1
carte d anniversaire harry potter,10,225,4.44%,1.85
pull ron weasley officiel,10,113,8.85%,3.16
strangulot,9,4457,0.2%,5.63
chocogrenouille,9,4096,0.22%,6.75
accessoires harry potter,9,3886,0.23%,14.05
peluche edwige,9,2241,0.4%,9.58
puzzle seigneur des anneaux,9,2202,0.41%,21.02
objet harry potter,9,986,0.91%,13.55
echarpe gryffondor,9,802,1.12%,6.37
porte monnaie harry potter,9,648,1.39%,8.01
friandises harry potter,9,577,1.56%,11.11
tapisserie famille black,9,412,2.18%,3.05
boutique officielle harry potter france,9,410,2.2%,8.95
mug chaudron,9,396,2.27%,7.2
carte terre du milieu en français,9,295,3.05%,8.25
vetement seigneur des anneaux,9,261,3.45%,5.93
quelle est la prophétie dans harry potter,9,215,4.19%,5.49
seigneur des anneaux decoration,9,141,6.38%,6.45
pull r harry potter,9,119,7.56%,1.79
harry potter deco noel,9,83,10.84%,3.47
harry potter soldes,9,83,10.84%,5.06
strangulot harry potter,8,3200,0.25%,4.74
pendentif harry potter,8,672,1.19%,10.36
honeydukes harry potter,8,542,1.48%,6.99
tasse grenouille,8,267,3%,3.16
decoration sapin de noel harry potter,8,267,3%,5.03
pull harry potter r,8,134,5.97%,1.46
agenda harry potter 2025-2026,8,126,6.35%,8.16
calendrier de l'avent 2025 deluxe quiddtich - harry potter,8,107,7.48%,4.32
ornement sapin harry potter,8,85,9.41%,5.65
boucle d oreille seigneur des anneaux,8,85,9.41%,6.59
trousse harry potter,7,2943,0.24%,8.15
accessoire harry potter,7,1760,0.4%,13.43
harry potter accessoires,7,1638,0.43%,14.36
écharpe poufsouffle,7,1318,0.53%,4.99
cahier harry potter,7,807,0.87%,8.29
serre livre seigneur des anneaux,7,719,0.97%,9.33
statue seigneur des anneaux,7,613,1.14%,8.18
bijoux seigneur des anneaux,7,581,1.2%,16.18
boutique harry potter france,7,364,1.92%,10.78
harry potter boutique officielle,7,313,2.24%,9.01
figurine lotr,7,263,2.66%,7.16
ornement harry potter,7,188,3.72%,6.51
manuel avancé de préparation des potions,7,186,3.76%,3.55
decoration sapin harry potter,7,174,4.02%,5.17
decoration sapin noel harry potter,7,122,5.74%,4.21
pull harry potter tricot,7,119,5.88%,5.37
harry potter decoration noel,7,113,6.19%,3.94
cape de hobbit,7,80,8.75%,2.14
logo gryffondor,6,3484,0.17%,1.1
vif d'or,6,3457,0.17%,10.16
vetement harry potter,6,2126,0.28%,13.31
serre livre harry potter,6,1603,0.37%,11.76
friandise harry potter,6,1571,0.38%,10.49
écharpe harry potter gryffondor,6,1272,0.47%,10.32
pin's harry potter,6,805,0.75%,8.4
boisson harry potter,6,744,0.81%,10.51
pull r,6,639,0.94%,2.89
vaisselle harry potter,6,614,0.98%,11.14
boutique en ligne harry potter,6,572,1.05%,8.73
echarpe serdaigle,6,460,1.3%,8.64
suspension harry potter,6,452,1.33%,7.04
pull weasley,6,439,1.37%,1.57
seigneur des anneaux figurine,6,395,1.52%,9.48
pull h harry potter,6,358,1.68%,4.89
mug hibou,6,336,1.79%,6.82
mug cerise,6,321,1.87%,2.43
tapisserie harry potter black,6,273,2.2%,4.76
ou trouver des autocollants pour valise,6,264,2.27%,11.21
chaussettes dobby,6,259,2.32%,5.48
porte clé lune,6,237,2.53%,5.34
figurine seigneur des anneaux collection,6,235,2.55%,8.66
harry potter prophétie,6,211,2.84%,9.45
solde harry potter,6,167,3.59%,4.57
calendrier de l'avent quidditch,6,147,4.08%,4.9
porte clé soleil,6,127,4.72%,12.18
pull ron weasley tricot,6,120,5%,2.29
déco noel harry potter,6,49,12.24%,1.82
baguette dumbledore,5,4506,0.11%,17.13
happee birthdae,5,2118,0.24%,2.47
potion d'amour,5,1801,0.28%,4.47
harry potter minalima,5,1407,0.36%,8.35
pull serpentard,5,1396,0.36%,4.79
pull gryffondor,5,1270,0.39%,7.87
boule de cristal,5,1080,0.46%,23.34
écharpe serdaigle,5,1041,0.48%,8.38
pull harry potter gryffondor,5,1037,0.48%,11.7
figurines seigneur des anneaux,5,941,0.53%,9.99
sapin harry potter,5,844,0.59%,8.35
fable sac,5,687,0.73%,4.49
autocollant harry potter,5,672,0.74%,10.32
tasse hibou,5,641,0.78%,7.87
pull poufsouffle,5,629,0.79%,4.14
bagues harry potter,5,501,1%,4.98
théière citrouille,5,498,1%,6.23
harry potter bonbon,5,484,1.03%,13.34
harry potter decoration,5,448,1.12%,8.14
fable england sac,5,433,1.15%,8.27
écharpe gryffondor officielle,5,301,1.66%,4.95
echarpe gryffondor harry potter,5,296,1.69%,4.62
tapisserie sirius black,5,295,1.69%,2.58
baguette arthur weasley,5,278,1.8%,6.51
prophetie harry potter,5,277,1.81%,8.44
la prophétie harry potter,5,266,1.88%,7.14
decoration seigneur des anneaux,5,236,2.12%,7.39
baguettes magiques,5,226,2.21%,10.95
déco noël harry potter,5,223,2.24%,4.9
harry potter bague,5,198,2.53%,8.3
gateau happee birthdae harry,5,183,2.73%,2.62
calendrier de l'avent harry potter quidditch,5,166,3.01%,4.76
harry potter bonbons,5,164,3.05%,11.48
marque page artisanal,5,159,3.14%,9.16
agenda 2025 2026 harry potter,5,157,3.18%,8.24
porte clé libellule,5,145,3.45%,7.5
décoration harry potter noel,5,137,3.65%,4.07
décoration murale seigneur des anneaux,5,132,3.79%,4.84
ron weasley pull,5,121,4.13%,1.22
decoration le seigneur des anneaux,5,85,5.88%,4.21
deco sapin noel harry potter,5,83,6.02%,4.67
boucles d'oreille harry potter,5,78,6.41%,5.55
image joyeux anniversaire harry potter,5,77,6.49%,1.25
miroir du rised,5,62,8.06%,28.55
plume dolores ombrage,5,57,8.77%,4.47
ornement noel harry potter,5,54,9.26%,3.83
baguette harry potter,4,3972,0.1%,21.35
écharpe harry potter,4,2849,0.14%,14.76
bague de gaunt,4,1675,0.24%,9.78
peluche hedwige harry potter,4,1340,0.3%,11.95
vêtements harry potter,4,1285,0.31%,11.22
papeterie harry potter,4,1122,0.36%,12.38
mimbulus mimbletonia,4,1052,0.38%,6.08
chaussette dobby,4,608,0.66%,7.82
trousse de toilette harry potter,4,595,0.67%,12.24
assiette harry potter,4,511,0.78%,8.92
harry potter noël,4,428,0.93%,8.01
sac fable,4,425,0.94%,5
harry potter stickers,4,417,0.96%,10.69
baguette grindelwald,4,406,0.99%,5.42
confiseries harry potter,4,387,1.03%,10.32
magnet harry potter,4,362,1.1%,8.31
tapisserie black harry potter,4,344,1.16%,4.54
dragées surprises de bertie crochue,4,338,1.18%,12.98
dragon articulé,4,299,1.34%,10.14
carte joyeux anniversaire harry potter,4,262,1.53%,4.89
retourneur de temps,4,261,1.53%,22.05
baguette neville londubat,4,241,1.66%,11.02
pull gryffondor enfant,4,236,1.69%,5.52
bijoux le seigneur des anneaux,4,189,2.12%,13.57
carte la terre du milieu,4,188,2.13%,12.66
vêtement harry potter,4,184,2.17%,9.68
assiette seigneur des anneaux,4,180,2.22%,6.12
montre harry potter serpentard,4,180,2.22%,6.93
figurines le seigneur des anneaux,4,179,2.23%,8.78
calendrier de l'avent honeydukes,4,178,2.25%,5.15
book nook quidditch,4,170,2.35%,8.07
bague vif d'or,4,169,2.37%,4.96
statue le seigneur des anneaux,4,160,2.5%,8.63
magasin figurines rouen,4,135,2.96%,3.68
déco de noël harry potter,4,134,2.99%,3.93
déco seigneur des anneaux,4,118,3.39%,7.45
cartes postales harry potter,4,115,3.48%,4.37
sucrerie harry potter,4,112,3.57%,8.41
carte joyeux anniversaire harry potter à imprimer gratuit,4,108,3.7%,1.06
harry potter parapluie,4,97,4.12%,5.72
pull harry potter adulte,4,94,4.26%,10.24
mug grenouille,4,87,4.6%,4.36
pull tricot harry potter,4,56,7.14%,4.77
écharpe gryffondor film,4,46,8.7%,3.83
décoration de sapin harry potter,4,44,9.09%,3.7
chaussettes le seigneur des anneaux,4,42,9.52%,2.55
harry potter solde,4,40,10%,6.2
pourquoi voldemort veut la prophétie,4,39,10.26%,3.92
bonbon a la biere,4,37,10.81%,1.32
c est quoi la prophétie dans harry potter,4,35,11.43%,1.23
decorations noel harry potter,4,30,13.33%,2.4
déco de noel harry potter,4,22,18.18%,1.82
miroir rised,4,11,36.36%,10
maglione ron weasley originale,4,6,66.67%,5.5
poufsouffle,3,4961,0.06%,10.72
harry potter anniversaire,3,3441,0.09%,4.54
bracelet harry potter,3,2233,0.13%,13.92
helga poufsouffle,3,1337,0.22%,9.02
peluche hedwige,3,1218,0.25%,20.73
minalima harry potter,3,1132,0.27%,12.06
décoration harry potter,3,999,0.3%,8.75
boursouflet,3,971,0.31%,6.5
baguette narcissa malefoy,3,884,0.34%,7.87
stickers pour valise,3,714,0.42%,14.91
collier seigneur des anneaux,3,646,0.46%,9.6
honeydukes,3,590,0.51%,4.62
occamy,3,489,0.61%,8.55
baguette mangemort,3,488,0.61%,6.02
pochette harry potter,3,465,0.65%,8.9
joyeux anniversaire harry potter,3,381,0.79%,5.92
boutique officiel harry potter,3,317,0.95%,7.93
pendentif seigneur des anneaux,3,317,0.95%,10.46
portefeuille harry potter,3,296,1.01%,10.3
brule parfum citrouille,3,292,1.03%,8.68
hedwige peluche,3,277,1.08%,16.75
pull serpentard femme,3,276,1.09%,5.54
boule divinatoire,3,266,1.13%,10.38
pull quidditch serpentard,3,253,1.19%,6.67
puzzle carte seigneur des anneaux,3,233,1.29%,11.13
noel poudlard,3,228,1.32%,6.3
boutiques harry potter,3,227,1.32%,9.99
image harry potter anniversaire,3,209,1.44%,1
écharpe harry potter serdaigle,3,207,1.45%,9.29
pull harry potter noel,3,199,1.51%,19.28
bonnet serpentard,3,197,1.52%,10.58
carte de la terre du milieu en français,3,186,1.61%,8
sibylle trelawney,3,177,1.69%,2.32
veste gryffondor,3,149,2.01%,5.48
magasin harry potter france,3,147,2.04%,10.7
carillon chat,3,142,2.11%,5.93
harry potter honeydukes,3,141,2.13%,5.29
calendrier de l'avent harry potter 2025,3,133,2.26%,2.72
pull harry potter poufsouffle,3,126,2.38%,5.47
déco sapin de noël harry potter,3,120,2.5%,6.57
tapisserie harry potter famille black,3,115,2.61%,4.66
écharpe serdaigle officielle,3,98,3.06%,7.61
décoration de noel harry potter,3,96,3.12%,3.88
baguette trelawney,3,92,3.26%,4.01
figurine collection seigneur des anneaux,3,85,3.53%,8.58
papier peint harry potter black,3,84,3.57%,10.12
pull harry potter film,3,79,3.8%,2.47
pull noel ron weasley,3,79,3.8%,4.01
sirop de biere,3,79,3.8%,11.3
presse livre seigneur des anneaux,3,72,4.17%,5.49
lotr figurine,3,71,4.23%,6.24
album photo harry potter,3,70,4.29%,7.34
minalima collection,3,68,4.41%,6.15
magnets harry potter,3,65,4.62%,6.71
bonnet serdaigle,3,63,4.76%,7.56
marque page fantaisie,3,61,4.92%,4.51
decoration noel harry potter sapin,3,59,5.08%,4.24
décoration sapin de noël harry potter,3,58,5.17%,4.69
boucle d'oreille vif d'or,3,57,5.26%,4
bague relique de la mort,3,53,5.66%,22.77
harry potter echarpe film,3,46,6.52%,2.8
bague harry potter relique de la mort,3,46,6.52%,18.39
decorations de noel harry potter,3,42,7.14%,2.29
harry potter boutique france,3,42,7.14%,7.76
mug sorciere,3,34,8.82%,20.26
rouen harry potter,3,32,9.38%,1.06
decoration harry potter sapin,3,29,10.34%,7.31
deco de sapin harry potter,3,24,12.5%,2.88
magasin de carte à collectionner,3,23,13.04%,2.48
vitrail attrape soleil,3,19,15.79%,7.84
miroir de rised,3,19,15.79%,12.58
minalima postcards,3,19,15.79%,20.58
attrape soleil pierre,3,18,16.67%,5.67
"livre harry potter, bienvenue à poudlard, pop-up magique",3,18,16.67%,8.61
flying cauldron,3,16,18.75%,5.56
deco noël harry potter,3,15,20%,1.27
harry potter book nook,3,4,75%,11
echarpe harry potter,2,3629,0.06%,15.01
blason serpentard,2,2909,0.07%,1.35
puzzle carte du maraudeur,2,2544,0.08%,16.72
blason serdaigle,2,2158,0.09%,1.73
stylo harry potter,2,2120,0.09%,12.95
focifere,2,2083,0.1%,5.56
sac harry potter,2,1308,0.15%,20.89
bertie crochue,2,1259,0.16%,5.76
badge harry potter,2,1144,0.17%,2.05
robe harry potter,2,1092,0.18%,12.91
cravate gryffondor,2,1067,0.19%,8.7
fenrir greyback,2,1025,0.2%,9.81
baguette sirius black,2,916,0.22%,9.24
fable england,2,913,0.22%,7.24
happee birthdae harry,2,851,0.24%,2.79
baguette magique harry potter,2,812,0.25%,22.6
harry potter écharpe,2,739,0.27%,8.53
collier reliques de la mort,2,700,0.29%,9.44
médaillon de salazar serpentard,2,690,0.29%,5.27
pull serdaigle,2,687,0.29%,4.78
agenda harry potter,2,671,0.3%,12.67
gomee,2,610,0.33%,6.23
parapluie hagrid,2,604,0.33%,11.76
le chicaneur,2,599,0.33%,9.87
baguette dolores ombrage,2,570,0.35%,7.86
tasse cerise,2,556,0.36%,4.44
doudou harry potter,2,556,0.36%,11.53
dark arts defence,2,539,0.37%,6.66
cravate poufsouffle,2,521,0.38%,5.72
edwige peluche,2,512,0.39%,8.95
harry potter collier,2,500,0.4%,6.85
plume calligraphie,2,480,0.42%,43.55
décor seigneur des anneaux,2,459,0.44%,8.68
lutin de cornouaille harry potter,2,448,0.45%,8.6
sticker harry potter,2,434,0.46%,8.93
lutin de cornouailles,2,431,0.46%,9.57
dragée harry potter,2,416,0.48%,9.04
harry potter strangulot,2,396,0.51%,4.82
pulls harry potter,2,393,0.51%,4.1
philtre d'amour harry potter,2,361,0.55%,10.74
collier relique de la mort,2,341,0.59%,9.43
peluches harry potter,2,312,0.64%,10.54
dessin serdaigle,2,296,0.68%,2.39
attrape soleil,2,293,0.68%,17.25
sweat harry potter,2,290,0.69%,10.8
trophée harry potter,2,285,0.7%,2.41
plaide harry potter,2,281,0.71%,10.46
logo de gryffondor,2,270,0.74%,1.43
carte harry potter anniversaire,2,265,0.75%,1.59
buck hippogriffe,2,265,0.75%,8.84
baguette de sureau dumbledore,2,259,0.77%,6.22
vetements harry potter,2,259,0.77%,10.85
tenue poufsouffle,2,254,0.79%,10.34
tapisserie des black,2,245,0.82%,2.21
piece seigneur des anneaux,2,242,0.83%,10.3
baguette phénix harry potter,2,238,0.84%,2.23
chaussettes kawaii,2,235,0.85%,16.45
robe de sorcier harry potter,2,226,0.88%,14.77
pull quidditch,2,225,0.89%,7.53
poudlard noel,2,221,0.9%,6.26
puzzle terre du milieu,2,219,0.91%,11.03
agenda harry potter 2025,2,216,0.93%,8.54
chaussette kawaii,2,215,0.93%,9.5
robe sorcier harry potter,2,215,0.93%,15.03
papier peint famille black,2,214,0.93%,3.37
drapeau rohan,2,209,0.96%,4.45
serre livres harry potter,2,208,0.96%,13.32
baguette james potter,2,204,0.98%,11.37
la boutique harry potter,2,200,1%,8.87
peluche patronus,2,193,1.04%,6.3
baguette harry potter sirius black,2,188,1.06%,8.65
honey dukes,2,186,1.08%,5.42
harry potter carnet,2,186,1.08%,5.59
pull hogwarts,2,179,1.12%,8.15
harry potter habits,2,179,1.12%,8.5
accessoires seigneur des anneaux,2,179,1.12%,11.88
boutique harry potter officiel,2,178,1.12%,8.85
lettre admission poudlard,2,174,1.15%,13.82
boule de noël harry potter,2,172,1.16%,8.12
statuette seigneur des anneaux,2,170,1.18%,8.64
figurine hedwige harry potter,2,167,1.2%,11.15
horace slughorn maison,2,164,1.22%,1.4
la potion d'amour,2,163,1.23%,2.37
puzzle harry potter 200 pièces,2,160,1.25%,7.08
harry potter carte anniversaire,2,156,1.28%,2.88
le seigneur des anneaux figurine,2,152,1.32%,7.75
journal intime harry potter encre invisible,2,150,1.33%,5.39
collier serpentard,2,150,1.33%,9.17
serre livre le seigneur des anneaux,2,147,1.36%,9.4
déco sapin harry potter,2,144,1.39%,11.53
harry potter sac,2,136,1.47%,11.49
boule mystique,2,135,1.48%,9.04
montre serpentard,2,133,1.5%,1.05
harry potter plaid,2,133,1.5%,5.72
bijoux harry potter fille,2,133,1.5%,8.27
book nook harry potter quidditch,2,131,1.53%,5.4
collection harry potter minalima,2,131,1.53%,9.42
bonbon de harry potter,2,128,1.56%,17.91
bienvenue a poudlard pop up,2,125,1.6%,8.19
elixir harry potter,2,115,1.74%,7.7
baguette seamus finnigan,2,113,1.77%,4.59
tasse chaudron sorcière,2,112,1.79%,10.06
table seigneur des anneaux,2,109,1.83%,6.16
tasse dobby,2,109,1.83%,8.77
chaussette de noel harry potter,2,108,1.85%,10.83
chaussette cute,2,105,1.9%,6.29
trousse serpentard,2,104,1.92%,7.22
boutique harry poter,2,102,1.96%,9.53
marque-page artisanal,2,101,1.98%,9.07
bonbonnière harry potter,2,100,2%,9.06
nymphadora tonks baguette,2,99,2.02%,7.35
pull harry,2,97,2.06%,4.75
vêtements seigneur des anneaux,2,96,2.08%,4.67
boule de divination,2,93,2.15%,11.03
boule de noël seigneur des anneaux,2,91,2.2%,6.3
collier serdaigle,2,88,2.27%,9.35
marque page le seigneur des anneaux,2,87,2.3%,4.2
baguette narcissa malfoy,2,85,2.35%,7.14
bague des gaunt harry potter,2,80,2.5%,6.85
carte postale harry potter à imprimer,2,79,2.53%,1.22
parapluie harry potter transparent,2,77,2.6%,7.92
noël thème harry potter,2,74,2.7%,4.78
ziyi gao,2,72,2.78%,6.58
tasse sinistros,2,71,2.82%,9.23
stickers voyage valise,2,69,2.9%,21.12
magasin figurine rouen,2,68,2.94%,6.71
honeyduke,2,67,2.99%,6.18
boutique le seigneur des anneaux,2,67,2.99%,11.58
dark arts defence basics for beginners,2,63,3.17%,21.06
baguette dumbledore bois,2,62,3.23%,4.77
foulard gryffondor,2,61,3.28%,6.49
pull laine harry potter,2,59,3.39%,5.12
collection seigneur des anneaux,2,59,3.39%,15.34
calendrier de l'avent deluxe quidditch,2,56,3.57%,3.45
echarpe grifondor,2,56,3.57%,5.38
calendrier de l'avent fantasy,2,56,3.57%,7.86
miniature seigneur des anneaux,2,52,3.85%,7.71
chaussette serdaigle,2,50,4%,13.06
serum de verite,2,50,4%,34.76
tasse harry potter sinistros,2,49,4.08%,8.31
ministere de la magie bresil,2,48,4.17%,5.58
décoration table seigneur des anneaux,2,48,4.17%,7.44
pull weasley tricot,2,47,4.26%,1.17
chocogrenouille harry potter,2,46,4.35%,14.78
minalima print,2,39,5.13%,5.85
sirop gout biere,2,37,5.41%,9.24
la magie de minalima,2,37,5.41%,19.54
ron pull,2,34,5.88%,1.09
pull de noel ron weasley,2,31,6.45%,4.16
pull harry potter officiel,2,31,6.45%,9.48
puzzle carte de la terre du milieu,2,30,6.67%,8
objet deco seigneur des anneaux,2,28,7.14%,3.39
deco sapin de noel harry potter,2,28,7.14%,4
have a magical birthday harry potter,2,27,7.41%,1
calendrier de l avent harry potter honeydukes,2,27,7.41%,5.96
que dit la prophétie harry potter,2,25,8%,4.28
déco harry potter noël,2,24,8.33%,2.25
décoration harry potter noël,2,23,8.7%,2.61
pull ron weasley noel,2,23,8.7%,2.96
la mouchette,2,22,9.09%,4.32
recette elfique,2,22,9.09%,7.91
stylo encre invisible harry potter,2,22,9.09%,7.95
maglione ron weasley,2,21,9.52%,24.86
ziyi gao harry potter,2,17,11.76%,5.12
qu est ce que la prophetie dans harry potter,2,15,13.33%,1
c'est quoi la prophetie harry potter,2,12,16.67%,1.75
devinette harry potter,2,11,18.18%,6.36
veritaserum recette,2,10,20%,3.1
cadre marguerite,2,10,20%,8.3
le grand livre pop up des creatures magiques,2,9,22.22%,8.56
anneau seigneur des anneaux officiel,2,9,22.22%,36.56
lotr decorations,2,8,25%,5.5
tasse harry potter noel,2,8,25%,5.5
poster grosse dame harry potter,2,7,28.57%,12.29
la michette,2,5,40%,3
seigneur des anneaux carte terre du milieu,2,5,40%,3.8
frog mug,2,3,66.67%,1.33
booknook magnet,2,3,66.67%,2
dragon articulé 3d,2,3,66.67%,2.67
tote bag pride and prejudice,2,3,66.67%,6.67
jeu les animaux fantastiques,2,3,66.67%,33
mini puzzle tube,2,2,100%,7.5
boule de cristal voyance,2,2,100%,14.5
blason harry potter,1,4966,0.02%,1.26
blason poudlard,1,3423,0.03%,1.65
mondingus fletcher,1,2715,0.04%,6.26
horcruxe,1,2519,0.04%,5.89
anniversaire harry potter,1,2357,0.04%,14.08
baguette hermione,1,2059,0.05%,31.82
botruc,1,2053,0.05%,7.1
you shall not pass,1,1823,0.05%,6.91
ollivander,1,1694,0.06%,10.67
harry peluche,1,1684,0.06%,5.78
lutin de cornouaille,1,1667,0.06%,9.87
blason poufsouffle,1,1539,0.06%,3.08
porte clés harry potter,1,1443,0.07%,10.68
greyback,1,1436,0.07%,8.34
gregorovitch,1,1369,0.07%,6.7
chicaneur,1,1348,0.07%,8.86
tasse harry potter,1,1154,0.09%,18.42
stylo mignon,1,1075,0.09%,10.04
journal de tom jedusor,1,1068,0.09%,13.13
harry potter vetement,1,1036,0.1%,14
puzzle bois harry potter,1,1007,0.1%,11.61
baguette ombrage,1,978,0.1%,11.49
écharpe serpentard,1,976,0.1%,10.51
sablier slughorn,1,931,0.11%,12.47
niffleur,1,922,0.11%,16.16
baguette mcgonagall,1,882,0.11%,4.65
coupe poufsouffle,1,810,0.12%,12.81
sablier de slughorn,1,795,0.13%,11.27
professeur slughorn,1,726,0.14%,8.87
serdaigle blason,1,710,0.14%,3.31
bonnet harry potter,1,710,0.14%,11.56
diademe serdaigle,1,707,0.14%,10.58
baguettes harry potter,1,689,0.15%,19.04
emblème harry potter,1,653,0.15%,1.66
baguette de harry potter,1,651,0.15%,13.07
terre du milieu carte,1,634,0.16%,14.09
focifère,1,629,0.16%,6.31
blason de poudlard,1,627,0.16%,3.63
deco harry potter,1,620,0.16%,10.66
diadème serdaigle,1,601,0.17%,17.61
pius harry potter,1,585,0.17%,6.32
baguette poufsouffle,1,574,0.17%,8.71
poufsouffle blason,1,550,0.18%,5.62
autocollant valise,1,530,0.19%,19.4
coupe helga poufsouffle,1,497,0.2%,8.67
baguette cedric diggory,1,495,0.2%,4.16
robe gryffondor,1,480,0.21%,13.74
attrape soleil lune,1,479,0.21%,4.65
harry potter tenue,1,464,0.22%,10.59
cravate serdaigle,1,456,0.22%,11.93
boutique les animaux fantastiques,1,456,0.22%,18.23
lutin harry potter,1,440,0.23%,11.93
écusson serpentard,1,431,0.23%,4.93
baguette fleur delacour,1,431,0.23%,8.94
autocollant pour valise,1,430,0.23%,20.3
dague bellatrix,1,426,0.23%,16.62
peluche chouette harry potter,1,425,0.24%,22.5
emblème serpentard,1,421,0.24%,4.95
dragée bertie crochue,1,418,0.24%,17.88
attrapé soleil,1,414,0.24%,7.79
maroquinerie harry potter,1,413,0.24%,6.91
bonbons bertie crochue,1,407,0.25%,14.12
harry potter affiche,1,398,0.25%,17.48
coussins harry potter,1,388,0.26%,7.09
harry potter peluche,1,386,0.26%,11.01
harry potter joyeux anniversaire,1,379,0.26%,1
sapin de noel harry potter,1,369,0.27%,7.95
la bague des gaunt,1,366,0.27%,7.94
harry potter et la coupe de feu minalima,1,357,0.28%,9.25
sablier harry potter,1,349,0.29%,8.86
pieces seigneur des anneaux,1,347,0.29%,10.77
carte lenticulaire,1,342,0.29%,18.17
baguette tom jedusor,1,338,0.3%,7.25
baguette serpentard,1,338,0.3%,7.28
boite chocogrenouille,1,332,0.3%,5.84
cravates harry potter,1,332,0.3%,13.71
maquette seigneur des anneaux,1,326,0.31%,12.07
harry potter pop up tome 4,1,322,0.31%,7.92
coupe harry potter,1,319,0.31%,2.76
coloriage serpentard,1,316,0.32%,4.15
jelly belly harry potter,1,314,0.32%,18.29
harry potter bracelet,1,313,0.32%,9.05
boutique harry potter officielle,1,308,0.32%,9.15
bonnet gryffondor,1,304,0.33%,9.34
plaid seigneur des anneaux,1,294,0.34%,9.25
bertie crochu,1,270,0.37%,7.9
artisanat fantasy,1,269,0.37%,3
le lutin de cornouailles,1,267,0.37%,7.92
embleme poudlard,1,266,0.38%,1.55
strangulot dans harry potter,1,264,0.38%,4.57
harry potter pop-up tome 4,1,262,0.38%,8.16
baguette hagrid,1,255,0.39%,12.78
medaillon salazar serpentard horcruxe harry potter,1,252,0.4%,6.98
chouette harry potter,1,246,0.41%,57.99
embleme harry potter,1,245,0.41%,4.08
baguette de sureau harry potter,1,245,0.41%,30.31
carte harry potter,1,241,0.41%,16.39
magasins harry potter,1,239,0.42%,10.75
grand sticker pour valise,1,239,0.42%,22.07
collier luna lovegood,1,236,0.42%,5.52
carte du maraudeur,1,236,0.42%,45.96
baguette slughorn,1,233,0.43%,9.46
attrape lune,1,231,0.43%,6.31
sticker valise,1,231,0.43%,11.86
harry potter décoration,1,231,0.43%,12.56
tasse chauve souris,1,229,0.44%,5.77
baguette de dumbledore,1,227,0.44%,21.03
coloriage serdaigle,1,222,0.45%,1.02
blason gryffondor harry potter,1,219,0.46%,1.02
autocollants pour valises,1,216,0.46%,17.15
focifère harry potter,1,215,0.47%,5.81
baguette de narcissa malefoy,1,215,0.47%,7.53
marque page cheval,1,213,0.47%,5.5
dragon de gringotts,1,212,0.47%,9.23
ollivanders,1,211,0.47%,10.08
tenue de quidditch,1,209,0.48%,9.45
baguette nymphadora tonks,1,204,0.49%,6.86
la coupe de helga poufsouffle,1,204,0.49%,8.16
boite en or,1,204,0.49%,10.35
berti crochu,1,202,0.5%,5.24
boursouflet harry potter peluche,1,196,0.51%,8.55
coloriage poufsouffle,1,195,0.51%,1.07
baguette harry potter mangemort,1,193,0.52%,5.47
lutin cornouaille,1,193,0.52%,9.65
harry potter poster,1,192,0.52%,19.56
aquarelle harry potter,1,187,0.53%,11.71
baguette magique sirius black,1,187,0.53%,12.95
écharpes harry potter,1,184,0.54%,12.12
logo harry potter gryffondor,1,182,0.55%,3.38
dragon gringotts harry potter,1,180,0.56%,6.24
mug chauve souris,1,179,0.56%,8.58
boule noel harry potter,1,176,0.57%,7.7
breloque harry potter,1,175,0.57%,10.22
magasin bonbon harry potter,1,174,0.57%,11.93
gateau happy birthday harry,1,173,0.58%,1.12
potion damour,1,173,0.58%,2.77
baguette malefoy,1,173,0.58%,7.23
figurine seigneurs des anneaux,1,173,0.58%,9.31
bannière serpentard,1,172,0.58%,5.9
pièces seigneur des anneaux,1,171,0.58%,8.02
fumseck peluche,1,169,0.59%,11.78
la baguette de sureau,1,167,0.6%,28.43
robe sorcier,1,164,0.61%,11.45
badge gryffondor,1,163,0.61%,2.23
bague voldemort,1,162,0.62%,7.88
feuille de la lorien,1,159,0.63%,3.9
theiere citrouille,1,158,0.63%,10.3
où acheter des dragées surprises de bertie crochue,1,157,0.64%,12.46
écharpe harry potter film,1,156,0.64%,7.36
retourneur de temps harry potter,1,156,0.64%,14.06
booknook dragon,1,154,0.65%,5.64
puzzle seigneur des anneaux 1000 pièces,1,153,0.65%,11.01
book nook pharmacien magique,1,149,0.67%,6.84
harry potter alphabet,1,148,0.68%,1.35
medaillon serpentard,1,148,0.68%,4.97
serpentard logo,1,148,0.68%,9.81
sapin de noël harry potter,1,146,0.68%,8.47
puzzle carte terre du milieu,1,145,0.69%,9.32
harry potter vetements,1,145,0.69%,9.5
porte feuille harry potter,1,143,0.7%,8.85
la coupe de poufsouffle,1,143,0.7%,9.99
harry potter 4 pop up,1,142,0.7%,6.8
baguette remus lupin,1,139,0.72%,11.04
figurines seigneurs des anneaux,1,139,0.72%,12.29
cadeau rouen,1,138,0.72%,7.88
baguette de rogue,1,136,0.74%,29.76
broche harry potter,1,134,0.75%,10.74
dolores ombrage baguette,1,133,0.75%,8.74
coloriage harry potter poufsouffle,1,131,0.76%,2.02
produits harry potter,1,130,0.77%,16.34
marque page loup,1,128,0.78%,7.44
boules de noel harry potter,1,128,0.78%,9.05
chocogrenouille carte,1,128,0.78%,11.25
poudlard puzzle 3d,1,127,0.79%,16.3
serdaigle dessin,1,125,0.8%,6.58
concept store,1,124,0.81%,7.52
fables england,1,123,0.81%,4.73
baguette magique d'harry potter,1,122,0.82%,13.17
pull harry potter lettre,1,121,0.83%,2.7
dragon décoration,1,120,0.83%,4.57
coussin chocogrenouille,1,120,0.83%,11.79
tenue de quidditch harry potter,1,119,0.84%,12.71
pierre attrape soleil,1,118,0.85%,6.12
cadre photo harry potter,1,118,0.85%,12.46
site officiel harry potter boutique,1,117,0.85%,10.31
tasse seigneur des anneaux,1,117,0.85%,12.35
sweat serpentard,1,116,0.86%,15.03
tenues harry potter,1,114,0.88%,8.79
lutin de cornouaille figurine,1,113,0.88%,7.49
magazin harry potter,1,113,0.88%,7.62
tenue de sorcier,1,113,0.88%,9.65
mug harry potter thermoréactif,1,113,0.88%,12.27
harry potter habit,1,113,0.88%,15.27
chocolat harry potter,1,112,0.89%,21.92
boutique de harry potter,1,111,0.9%,11.41
bijoux harry potter argent,1,110,0.91%,6.35
map terre du milieu,1,110,0.91%,8.55
croutard,1,110,0.91%,16.75
bière au beurre sans alcool,1,109,0.92%,8.4
bijoux seigneur des anneaux arwen,1,109,0.92%,11.39
bijoux harry potter histoire d'or,1,109,0.92%,11.61
accessoire seigneur des anneaux,1,109,0.92%,12.44
harry potter bague de gaunt,1,106,0.94%,9.72
théière harry potter,1,106,0.94%,14.08
echarpe harry potter gryffondor,1,105,0.95%,3.7
harry potter uniforme,1,105,0.95%,10.64
parapluie de hagrid,1,105,0.95%,10.77
boutique fantasy,1,105,0.95%,10.87
oiseau-tonnerre harry potter,1,104,0.96%,9.55
porte carte harry potter,1,103,0.97%,15.68
pull de noel harry potter,1,103,0.97%,21.82
harry potter deco,1,102,0.98%,9.38
logo serpentar,1,101,0.99%,1.65
objet collection seigneur des anneaux,1,101,0.99%,12.04
fumseck figurine,1,101,0.99%,12.2
baguette harry potter ginny,1,101,0.99%,17.34
écharpe de harry potter,1,100,1%,6.82
carnet intime harry potter,1,100,1%,7.96
harry potter pius,1,99,1.01%,6.63
statue hedwige harry potter,1,99,1.01%,7.26
trelawney,1,98,1.02%,3.68
puzzle 1000 pièces seigneur des anneaux,1,98,1.02%,10.82
pattenrond,1,97,1.03%,18.61
bonbons harry potter nom,1,97,1.03%,24.94
chaussettes serpentard,1,96,1.04%,12.58
site harry potter,1,96,1.04%,17.68
assiettes harry potter,1,95,1.05%,11.18
sac a main harry potter,1,95,1.05%,20.38
porte cle lune,1,94,1.06%,5.67
tenue quidditch harry potter,1,94,1.06%,8.6
carte anniversaire seigneur des anneaux,1,92,1.09%,4.83
produit harry potter,1,92,1.09%,13.97
tenue de harry potter,1,91,1.1%,11.6
boule cristal,1,91,1.1%,37.25
plat a bijoux,1,90,1.11%,7.2
mandragore harry potter peluche,1,89,1.12%,7.89
serdaigle,1,89,1.12%,23.01
dobby chaussettes,1,87,1.15%,5.74
coffret magique harry potter,1,87,1.15%,6.71
harry potter pins,1,87,1.15%,9.24
puzzle poudlard 3d,1,84,1.19%,18.46
figurine mcgonagall,1,83,1.2%,4.16
baguette lord voldemort,1,83,1.2%,7.86
escape game harry potter rouen,1,83,1.2%,8.4
hippogriffe buck,1,83,1.2%,11.89
seigneur des anneaux boutique,1,82,1.22%,8.59
mini figurine seigneur des anneaux,1,81,1.23%,6.79
le livre de dessin de poudlard,1,81,1.23%,7.15
chaussettes serdaigle,1,81,1.23%,11.16
baguette serdaigle,1,81,1.23%,12.05
funko,1,79,1.27%,7.85
miroir du risèd,1,79,1.27%,46.54
badge prefet harry potter,1,78,1.28%,11.67
chaussettes gryffondor,1,78,1.28%,11.83
porte-monnaie harry potter,1,77,1.3%,7.83
fable england boutique,1,77,1.3%,8.99
minalima boutique,1,76,1.32%,7.2
harry potter illustration minalima,1,76,1.32%,9.93
carte anniversaire harry potter à imprimer,1,75,1.33%,1.4
calendrier avent harry potter,1,75,1.33%,4.53
"site officiel harry potter, boutique",1,75,1.33%,9.76
agenda 2026 harry potter,1,75,1.33%,11.59
image harry potter noel,1,74,1.35%,5.15
stickers seigneur des anneaux,1,73,1.37%,9.59
diadème de serdaigle prix,1,73,1.37%,10.9
boule de cristal ancienne,1,72,1.39%,1.57
fluffy plaid,1,72,1.39%,5.65
puzzle harry potter bois,1,72,1.39%,12.92
echarpe serdaigle harry potter,1,71,1.41%,7.25
peluche mandragore harry potter,1,70,1.43%,7.39
peluche serpentard,1,70,1.43%,8.07
uniforme harry potter gryffondor,1,69,1.45%,12.25
mug magique harry potter,1,69,1.45%,13.36
calendrier harry potter,1,68,1.47%,6.65
marque page serdaigle,1,68,1.47%,13.5
aimant harry potter,1,66,1.52%,6.73
plaid fantome,1,66,1.52%,9.18
peluche harry potter hedwige,1,66,1.52%,9.38
magasin seigneur des anneaux,1,65,1.54%,8.23
baguette katie bell,1,64,1.56%,5.22
coussin chouette,1,64,1.56%,8.39
accesoire harry potter,1,64,1.56%,10.45
cale livre seigneur des anneaux,1,63,1.59%,8.41
pieces le seigneur des anneaux,1,63,1.59%,9.92
carte chocogrenouille,1,63,1.59%,38.67
autocollants valise,1,62,1.61%,13.4
anniversaire seigneur des anneaux,1,61,1.64%,8.36
collier hermione harry potter,1,61,1.64%,11.21
sang de licorne boisson,1,60,1.67%,7.42
collier hermione granger,1,59,1.69%,12.46
england fable,1,57,1.75%,5.19
chaussettes cute,1,57,1.75%,7.74
mugs harry potter,1,57,1.75%,8.54
booknook musique,1,57,1.75%,8.86
seigneur des anneaux puzzle,1,57,1.75%,11.23
calendriers de l'avent harry potter,1,57,1.75%,12.14
bertie crochue bonbons,1,57,1.75%,14.47
cartes terre du milieu,1,57,1.75%,14.65
baguette de neville londubat,1,57,1.75%,15.98
mug thermoréactif harry potter,1,57,1.75%,15.98
mimbulus mimbletonia harry potter,1,56,1.79%,6.73
gant gryffondor,1,56,1.79%,10.79
piece de collection harry potter,1,56,1.79%,10.8
daily prophet harry potter,1,55,1.82%,5.58
decoration noel seigneur des anneaux,1,55,1.82%,6.47
calendrier de l'avent dobby,1,55,1.82%,9.87
blason maison,1,54,1.85%,7.48
olivanders,1,54,1.85%,7.72
pop slughorn,1,54,1.85%,10.19
poudlard puzzle,1,54,1.85%,15.83
harry potter et la chambre des secrets livre,1,54,1.85%,37.96
réplique anneau unique,1,53,1.89%,8.11
figurine du seigneur des anneaux,1,53,1.89%,8.53
veritaserum harry potter,1,53,1.89%,8.96
birthdae,1,52,1.92%,2.79
micro stickers,1,52,1.92%,6.27
puzzle harry potter tapisserie black,1,52,1.92%,8.35
harry potter tenue quidditch,1,52,1.92%,8.52
bijoux hobbit,1,52,1.92%,12.44
collier des reliques de la mort,1,51,1.96%,10.45
bague de gaunt destruction,1,50,2%,11.68
vetement serpentard,1,50,2%,12.54
decor seigneur des anneaux,1,49,2.04%,6.59
expecto,1,49,2.04%,9.27
seigneur des anneaux accessoires,1,49,2.04%,14.22
pull harry potter noel weasley,1,48,2.08%,1.56
deco le seigneur des anneaux,1,48,2.08%,6.67
décoration anniversaire seigneur des anneaux,1,48,2.08%,8.12
carte terre du milieu hd,1,48,2.08%,20.31
boucles d oreilles harry potter,1,47,2.13%,8.36
stickers valise voyage,1,47,2.13%,16.94
bijoux fantasy,1,47,2.13%,22.38
livre harry potter minalima,1,47,2.13%,37.64
papier peint famille black harry potter,1,46,2.17%,4.54
harry potter serre livre,1,46,2.17%,12.46
buck hippogriffe harry potter,1,46,2.17%,12.57
les animaux fantastiques minalima,1,46,2.17%,13.74
vêtements femme harry potter,1,46,2.17%,25.28
sirop biere,1,45,2.22%,10.18
robe de sorcier poufsouffle,1,44,2.27%,7.23
coeur elixir,1,44,2.27%,7.3
carte de la terre du milieu seigneur des anneaux,1,44,2.27%,7.5
mug chaudron sorciere,1,44,2.27%,8.11
mug renard,1,44,2.27%,39.93
jeux d'echec harry potter,1,44,2.27%,56.52
attape soleil,1,42,2.38%,6.43
livre harry potter noel a poudlard,1,42,2.38%,12.07
ollivander logo,1,42,2.38%,16.29
pull harry potter weasley,1,41,2.44%,1.07
attrape lumière vitrail,1,41,2.44%,7.44
mug chaussette noel,1,41,2.44%,10.02
gryffondor pull,1,41,2.44%,10.39
calendrier honeydukes,1,40,2.5%,3.52
puzzle hermione,1,40,2.5%,7.83
potion du griffon,1,39,2.56%,9.36
carte terre du milieu français hd,1,39,2.56%,10.79
vetement gryffondor,1,38,2.63%,6.24
collection autocollant harry potter,1,38,2.63%,9.58
harry potter pieces,1,38,2.63%,10.97
minalima poster,1,38,2.63%,14.87
bitty pop deluxe harry potter,1,37,2.7%,3.59
shop harry potter,1,37,2.7%,11.78
peluche patronus harry potter,1,36,2.78%,8.92
boucle d'oreille harry potter argent,1,36,2.78%,10.22
boisson paillette harry potter,1,35,2.86%,10.09
bijou arwen,1,35,2.86%,11.86
pull de noël harry potter,1,35,2.86%,21
calendrier de l'avent quidditch 2025,1,34,2.94%,4.85
seigneur des anneaux merch,1,34,2.94%,7.97
peluche les animaux fantastiques,1,34,2.94%,8.82
bijoux seigneur des anneaux officiel,1,34,2.94%,10.74
harry potter boutiques,1,34,2.94%,11.97
objet le seigneur des anneaux,1,34,2.94%,25.97
puzzle la terre du milieu,1,33,3.03%,9.88
sac banane harry potter,1,32,3.12%,9.75
canne lucius malefoy,1,32,3.12%,19.5
carte de la terre du milieu francais,1,31,3.23%,6.29
store harry potter,1,31,3.23%,13.55
baguette godric gryffondor,1,30,3.33%,6.23
marque page loutre,1,29,3.45%,3.24
boucle d'oreille harry potter or,1,29,3.45%,7.45
boite choco grenouille,1,29,3.45%,7.9
objet décoration harry potter,1,29,3.45%,8.38
cadre harry potter,1,29,3.45%,28.45
calendrier de l'avent chemin de traverse,1,28,3.57%,3.57
automne magique,1,28,3.57%,5.86
muchette website,1,28,3.57%,7.61
journal magic,1,28,3.57%,9.21
idee cadeau rouen,1,28,3.57%,11.36
puzzle harry potter 300 pièces,1,28,3.57%,18.5
pull lettre harry potter,1,27,3.7%,1.67
decoration noel theme harry potter,1,27,3.7%,3.85
concept store autour de moi,1,27,3.7%,4.19
a history of magic,1,27,3.7%,4.44
harry potter medaillon,1,27,3.7%,4.74
illustration minalima,1,27,3.7%,5.89
piece de collection seigneur des anneaux,1,27,3.7%,9.44
papier lettre harry potter,1,27,3.7%,10.3
boutique baguette harry potter,1,27,3.7%,17.52
porte clés hibou,1,27,3.7%,24.26
retourneur de temps hermione,1,27,3.7%,29.56
collier eclair,1,27,3.7%,90.74
boucles d'oreilles vif d'or,1,26,3.85%,3.85
deco noel theme harry potter,1,26,3.85%,4.04
mug heat change,1,26,3.85%,8.04
minamila,1,26,3.85%,12.65
achat harry potter,1,26,3.85%,39.31
noël harry potter déco,1,25,4%,1.52
piece collection harry potter,1,25,4%,7.92
agenda harry potter 2025/2026,1,25,4%,8.28
slughorn maison,1,24,4.17%,5.79
coffret magie harry potter,1,24,4.17%,8.38
collection harry potter gryffondor,1,24,4.17%,9.42
bitty pop harry potter,1,24,4.17%,20.25
parapluie transparent harry potter,1,23,4.35%,7.39
des baguettes magiques,1,23,4.35%,8.22
objet de collection seigneur des anneaux,1,23,4.35%,10.09
agenda hermione,1,22,4.55%,3.09
calendrier dobby,1,22,4.55%,7.68
harry potter mystery figure,1,22,4.55%,7.77
logo poufsouffle harry potter,1,22,4.55%,8.45
papier peint sirius black,1,22,4.55%,10.41
suspension pierre naturelle,1,22,4.55%,16.09
baguette de lucius malefoy,1,22,4.55%,20.82
suspension noel harry potter,1,21,4.76%,3.71
univers enchanté,1,21,4.76%,6.52
harry potter prophetie,1,21,4.76%,8.19
owl emporium,1,21,4.76%,8.24
le seigneur des anneaux boutique,1,21,4.76%,8.71
puzzle 3d wrebbit,1,21,4.76%,10.24
book nook potter,1,21,4.76%,10.62
boucle d'oreille retourneur de temps,1,20,5%,1.3
minalima potter,1,19,5.26%,5.63
produit seigneur des anneaux,1,19,5.26%,9.79
stylo seigneur des anneaux,1,19,5.26%,13.84
mug luna lovegood,1,19,5.26%,30.32
harry potter achat,1,19,5.26%,30.47
advanced potion making harry potter,1,18,5.56%,5.5
calendrier de l avent harry potter quidditch,1,17,5.88%,3.12
lotr decoration,1,17,5.88%,4.76
vitrail loup,1,17,5.88%,5
cuisine seigneur des anneaux,1,17,5.88%,6.94
sirop magique,1,16,6.25%,1.69
que dit la prophetie dans harry potter,1,16,6.25%,4.62
calendrier de l'avent harry potter deluxe,1,16,6.25%,7.31
harry potter mystery minis,1,16,6.25%,7.62
peluche maison harry potter,1,16,6.25%,9.94
livre de potions harry potter en français,1,16,6.25%,10.69
pourquoi voldemort veut tuer harry,1,15,6.67%,2
plaque metal harry potter,1,15,6.67%,4.13
minalima art print,1,15,6.67%,4.67
muchette shop,1,15,6.67%,4.8
baguette mondingus fletcher,1,15,6.67%,8.07
déco anniversaire seigneur des anneaux,1,15,6.67%,9.47
harry potter boutique officiel,1,15,6.67%,10.87
collier maudit harry potter,1,15,6.67%,13.07
miroir du risèd grande taille,1,15,6.67%,13.07
figurine hobbit,1,15,6.67%,25
baguette dragonneau,1,15,6.67%,40.07